"line_age","cupID","pop","line","age","lat","region","initial","surv","area","old.area","mass_surv","old.mass_surv","mass_cup","old.mass_cup"
"Whitehall_18_mature",1,"Whitehall","Whitehall_18","mature",33.895767,"temperate",5,5,0.617805820435883,0.163653960521078,0.233296509492138,0.204067443139026,0.233296509492138,0.204067443139026
"MacArthur_5_mature",2,"MacArthur","MacArthur_5","mature",27.177583,"subtropical",5,3,0.492462371034798,0.138336281142845,0.14042666205844,0.126694782540701,0.101099325510738,0.0760168695244207
"Gen Butler_3_mature",3,"Gen Butler","Gen Butler_3","mature",38.675517,"temperate",5,5,0.66139916256789,0.172414861957647,0.224850160502138,0.222256138894229,0.224850160502138,0.222256138894229
"Center Hill_7_mature",4,"Center Hill","Center Hill_7","mature",36.06935,"temperate",5,5,0.556323416181575,0.151266100188362,0.153967950158912,0.122247656921211,0.153967950158912,0.122247656921211
"KBS_9_mature",5,"KBS","KBS_9","mature",42.399933,"north temperate",5,4,0.580335188283649,0.156109602752044,0.207896029356884,0.198883880637364,0.185790084398377,0.159107104509891
"OCM_10_mature",6,"OCM","OCM_10","mature",32.34554,"temperate",5,3,0.580335188283649,0.156109602752044,0.177325024483976,0.144967120087582,0.132171692581439,0.0869802720525494
"Dalton_4_mature",7,"Dalton","Dalton_4","mature",34.670883,"temperate",5,5,0.575383653815745,0.155111450252971,0.125574325820249,0.0999780219311637,0.125574325820249,0.0999780219311637
"KBS_2_mature",8,"KBS","KBS_2","mature",42.399933,"north temperate",5,5,0.662661850572115,0.172668415883521,0.262295178316543,0.260733692588971,0.262295178316543,0.260733692588971
"Center Hill_3_mature",9,"Center Hill","Center Hill_3","mature",36.06935,"temperate",5,3,0.492462371034798,0.138336281142845,0.139829094644865,0.12921982818543,0.100608428771294,0.0775318969112581
"Dalton_8_mature",10,"Dalton","Dalton_8","mature",34.670883,"temperate",5,5,0.683447706393704,0.176840917629905,0.317286178294139,0.307796803076772,0.317286178294139,0.307796803076772
"McPhee_8_mature",11,"McPhee","McPhee_8","mature",40.971333,"north temperate",5,5,0.735717943727224,0.187323899105758,0.311646549275629,0.274453258054058,0.311646549275629,0.274453258054058
"OCM_17_mature",12,"OCM","OCM_17","mature",32.34554,"temperate",5,3,0.567567957622287,0.153535271631648,0.195100966933254,0.192043828767332,0.147623840991751,0.115226297260399
"With_43_mature",13,"With","With_43","mature",28.60387,"subtropical",5,3,0.355096616689481,0.110059514513857,0.0482144765903933,0.0469317132219036,0.0310916652891508,0.0281590279331422
"Bella_2_mature",14,"Bella","Bella_2","mature",8.79,"tropical",5,5,0.615994089517553,0.163289518331473,0.234082918056486,0.231898215867235,0.234082918056486,0.231898215867235
"HV_3_mature",15,"HV","HV_3","mature",37.1818,"temperate",5,2,0.570227858763699,0.154071782116046,0.320810829597553,0.307883577254552,0.219904534690312,0.123153430901821
"Whitehall_16_mature",16,"Whitehall","Whitehall_16","mature",33.895767,"temperate",5,5,0.636173107290974,0.167347028341877,0.198337673182529,0.196042919174477,0.198337673182529,0.196042919174477
"Bella_3_mature",17,"Bella","Bella_3","mature",8.79,"tropical",5,5,0.619591667118361,0.164013166230671,0.18214069273506,0.174844718850749,0.18214069273506,0.174844718850749
"HV_10_mature",18,"HV","HV_10","mature",37.1818,"temperate",5,4,0.689673265895927,0.178090145017221,0.270809869999632,0.269237244065647,0.246447236975486,0.215389795252517
"McPhee_7_mature",19,"McPhee","McPhee_7","mature",40.971333,"north temperate",5,4,0.598385806541204,0.159745816399695,0.156345120728087,0.143437039561386,0.13709298470101,0.114749631649109
"MacArthur_15_mature",20,"MacArthur","MacArthur_15","mature",27.177583,"subtropical",5,5,0.559230794363196,0.151852992618629,0.166492970796226,0.152531245079757,0.166492970796226,0.152531245079757
"TT_7_mature",21,"TT","TT_7","mature",30.673889,"temperate",5,5,0.587413084367337,0.157535866666727,0.232372735686848,0.218079519225024,0.232372735686848,0.218079519225024
"KBS_8_mature",22,"KBS","KBS_8","mature",42.399933,"north temperate",5,5,0.656216858539318,0.171374120293972,0.236178812050188,0.205376295220212,0.236178812050188,0.205376295220212
"OCM_18_mature",23,"OCM","OCM_18","mature",32.34554,"temperate",5,5,0.559230794363196,0.151852992618629,0.16787115454769,0.150585927629819,0.16787115454769,0.150585927629819
"Caesar_7_mature",24,"Caesar","Caesar_7","mature",39.4887,"north temperate",5,4,0.731443925725355,0.186467158014716,0.351989696496402,0.335159059733406,0.325953203967747,0.268127247786725
"Gav_23_mature",25,"Gav","Gav_23","mature",8.72883,"tropical",5,5,0.591918401125005,0.158443420510083,0.168755653555596,0.142125000325024,0.168755653555596,0.142125000325024
"Hwy 27_6_mature",26,"Hwy 27","Hwy 27_6","mature",26.537067,"subtropical",5,3,0.403323253092262,0.12009386539504,0.0662304537002191,0.0660801059958308,0.0437616665716472,0.0396480635974985
"HV_5_mature",27,"HV","HV_5","mature",37.1818,"temperate",5,3,0.690681368387241,0.178292412801591,0.343750277945873,0.331732139770696,0.285113989664069,0.199039283862417
"TT_25_mature",28,"TT","TT_25","mature",30.673889,"temperate",5,4,0.559230794363196,0.151852992618629,0.21161893908274,0.198453223393518,0.189346940346054,0.158762578714814
"With_46_mature",29,"With","With_46","mature",28.60387,"subtropical",5,3,0.465175893226171,0.132782382195957,0.073195246235001,0.0683440626025508,0.0488023937378616,0.0410064375615305
"With_42_mature",30,"With","With_42","mature",28.60387,"subtropical",5,3,0.452341487297313,0.130162075351277,0.0658373716152851,0.0632886871385357,0.043479499408941,0.0379732122831214
"Bella_21_mature",31,"Bella","Bella_21","mature",8.79,"tropical",5,3,0.403323253092262,0.12009386539504,0.0766276420100826,0.0737671377552697,0.0513148728013554,0.0442602826531618
"Dalton_9_mature",32,"Dalton","Dalton_9","mature",34.670883,"temperate",5,3,0.591918401125005,0.158443420510083,0.157733035342714,0.11878408358493,0.115492673850585,0.0712704501509579
"Gav_22_mature",33,"Gav","Gav_22","mature",8.72883,"tropical",5,3,0.526575426323448,0.145253109589752,0.190430524908391,0.155983905935229,0.143536368362332,0.0935903435611375
"Tiri_12_mature",34,"Tiri","Tiri_12","mature",10.41549,"tropical",5,4,0.637716412964422,0.167657209096086,0.224219683986341,0.218920017745795,0.201419508948751,0.175136014196636
"Hwy 27_1_mature",35,"Hwy 27","Hwy 27_1","mature",26.537067,"subtropical",5,3,0.562072084005125,0.152426422772174,0.197989369400377,0.177949486728124,0.150161150837092,0.106769692036874
"Whitehall_3_mature",36,"Whitehall","Whitehall_3","mature",33.895767,"temperate",5,3,0.501902240985099,0.140252986979132,0.11506854026585,0.0999082408958664,0.0806520808502994,0.0599449445375198
"Gav_1_mature",37,"Gav","Gav_1","mature",8.72883,"tropical",5,3,0.684507070669752,0.177053505390731,0.311056987412393,0.2858213210464,0.253938875990286,0.17149279262784
"OCM_5_mature",38,"OCM","OCM_5","mature",32.34554,"temperate",5,4,0.65753271555448,0.171638395602346,0.274437608798046,0.23400437033678,0.249975364877452,0.187203496269424
"Bella_13_mature",39,"Bella","Bella_13","mature",8.79,"tropical",5,5,0.767676358158242,0.19372814464594,0.366081482233921,0.338113955776955,0.366081482233921,0.338113955776955
"McPhee_6_mature",40,"McPhee","McPhee_6","mature",40.971333,"north temperate",5,5,0.738488201583136,0.187879171482805,0.37122229573316,0.349725137770946,0.37122229573316,0.349725137770946
"TT_9_mature",41,"TT","TT_9","mature",30.673889,"temperate",5,4,0.737801371576933,0.187741505330388,0.350351847193329,0.340181939970361,0.32433965613993,0.272145551976289
"Gen Butler_7_mature",42,"Gen Butler","Gen Butler_7","mature",38.675517,"temperate",5,5,0.797880170773792,0.199778159590887,0.349644922021748,0.349000254129966,0.349644922021748,0.349000254129966
"Gen Butler_1_mature",43,"Gen Butler","Gen Butler_1","mature",38.675517,"temperate",5,4,0.650810376756387,0.170288163811072,0.236629582431031,0.234842872719913,0.213356870267201,0.187874298175931
"Hwy 27_2_mature",44,"Hwy 27","Hwy 27_2","mature",26.537067,"subtropical",5,4,0.628157130014255,0.165735629339528,0.24086821772289,0.239508226185392,0.217444184719682,0.191606580948313
"Whitehall_17_mature",45,"Whitehall","Whitehall_17","mature",33.895767,"temperate",5,5,0.663911910979787,0.172919424023815,0.248443190871912,0.202299305016875,0.248443190871912,0.202299305016875
"Gen Butler_9_mature",46,"Gen Butler","Gen Butler_9","mature",38.675517,"temperate",5,3,0.684507070669752,0.177053505390731,0.325712187887648,0.32504435430929,0.267866579932629,0.195026612585574
"MacArthur_22_mature",47,"MacArthur","MacArthur_22","mature",27.177583,"subtropical",5,5,0.51484661403199,0.142877846615235,0.106567654088774,0.0915851048382459,0.106567654088774,0.0915851048382459
"Tiri_16_mature",48,"Tiri","Tiri_16","mature",10.41549,"tropical",5,3,0.51484661403199,0.142877846615235,0.157449588509242,0.153222853031112,0.115254275812653,0.0919337118186671
"Caesar_10_mature",49,"Caesar","Caesar_10","mature",39.4887,"north temperate",5,5,0.725507951510766,0.185277159722658,0.347554109532854,0.343812788267773,0.347554109532854,0.343812788267773
"OCM_16_mature",50,"OCM","OCM_16","mature",32.34554,"temperate",5,5,0.678011878316266,0.175749986500664,0.301093161102805,0.288672427945962,0.301093161102805,0.288672427945962
"MacArthur_16_mature",51,"MacArthur","MacArthur_16","mature",27.177583,"subtropical",5,5,0.575383653815745,0.155111450252971,0.220308495574082,0.194746883930636,0.220308495574082,0.194746883930636
"HV_13_mature",52,"HV","HV_13","mature",37.1818,"temperate",5,3,0.698466227004198,0.179854210542075,0.358634056948117,0.35355248589874,0.299422878605675,0.212131491539244
"Gav_6_mature",53,"Gav","Gav_6","mature",8.72883,"tropical",5,5,0.587413084367337,0.157535866666727,0.164510808259549,0.140438726160587,0.164510808259549,0.140438726160587
"KBS_5_mature",54,"KBS","KBS_5","mature",42.399933,"north temperate",5,3,NA,NA,0.138267430497147,0.136944112092705,0.0993275186863224,0.0821664672556228
"KBS_12_mature",55,"KBS","KBS_12","mature",42.399933,"north temperate",5,5,0.604534990352816,0.160983709357325,0.15700897175874,0.154590612034458,0.15700897175874,0.154590612034458
"MacArthur_21_mature",56,"MacArthur","MacArthur_21","mature",27.177583,"subtropical",5,3,0.540676454916478,0.148105266901893,0.134289949512383,0.107374881479125,NA,NA
"With_48_mature",57,"With","With_48","mature",28.60387,"subtropical",5,3,0.537297505622295,0.147422149365344,0.192448441316627,0.170330932630791,0.145300066051872,0.102198559578475
"Tiri_5_mature",58,"Tiri","Tiri_5","mature",10.41549,"tropical",5,5,0.582739293421334,0.156594121551312,0.194356875332976,0.178931449722843,0.194356875332976,0.178931449722843
"Tiri_1_mature",59,"Tiri","Tiri_1","mature",10.41549,"tropical",5,3,0.572832336628249,0.154597020344272,0.188268665366021,0.173103060215847,0.141650866679076,0.103861836129508
"Caesar_9_mature",60,"Caesar","Caesar_9","mature",39.4887,"north temperate",5,1,0.300649760958813,0.0984924742069596,0.100474212580876,0.100474212580876,0.0275725336138806,0.0200948425161752
"Hwy 27_8_mature",61,"Hwy 27","Hwy 27_8","mature",26.537067,"subtropical",5,3,0.487460903958378,0.137319847946172,0.14355751179946,0.119916358473221,0.103678099856562,0.0719498150839328
"Caesar_5_mature",62,"Caesar","Caesar_5","mature",39.4887,"north temperate",5,4,0.713555874438851,0.182880678056244,0.375595792897983,0.363319503140359,0.349241784532395,0.290655602512287
"TT_10_mature",63,"TT","TT_10","mature",30.673889,"temperate",5,3,0.667588790806968,0.173657672453741,0.298289163565595,0.289987978802228,0.241874204664245,0.173992787281337
"Tiri_22_mature",64,"Tiri","Tiri_22","mature",10.41549,"tropical",5,4,0.650810376756387,0.170288163811072,0.268926663149038,0.248138492563253,0.24461685839838,0.198510794050603
"McPhee_2_mature",65,"McPhee","McPhee_2","mature",40.971333,"north temperate",5,3,0.748361961031203,0.189858060524824,0.394127610259022,0.370166317747099,0.333784887926901,0.222099790648259
"With_47_mature",66,"With","With_47","mature",28.60387,"subtropical",5,4,0.604534990352816,0.160983709357325,0.206645959411928,0.203851222880914,0.184596839281033,0.163080978304731
"Center Hill_2_mature",67,"Center Hill","Center Hill_2","mature",36.06935,"temperate",5,5,0.606519284958356,0.161383083975298,0.144625871880649,0.13766998990483,0.144625871880649,0.13766998990483
"Dalton_2_mature",68,"Dalton","Dalton_2","mature",34.670883,"temperate",5,5,0.675769585305064,0.175299926101796,0.282938946125988,0.275857706723204,0.282938946125988,0.275857706723204
"Center Hill_8_mature",69,"Center Hill","Center Hill_8","mature",36.06935,"temperate",5,5,0.730717162594806,0.186321469277695,0.312182606044919,0.306332749490891,0.312182606044919,0.306332749490891
"Dalton_6_mature",70,"Dalton","Dalton_6","mature",34.670883,"temperate",5,5,0.674633172527986,0.175071820664943,0.257290005632216,0.244513079734846,0.257290005632216,0.244513079734846
"TT_5_mature",71,"TT","TT_5","mature",30.673889,"temperate",5,4,0.689673265895927,0.178090145017221,0.30173785364075,0.293871849516551,0.276609897488694,0.235097479613241
"Hwy 27_3_mature",72,"Hwy 27","Hwy 27_3","mature",26.537067,"subtropical",5,4,0.577883937140472,0.155615507713723,0.178279496026605,0.163897767183251,0.15767639737165,0.131118213746601
"Bella_4_mature",73,"Bella","Bella_4","mature",8.79,"tropical",5,4,0.623088594232942,0.16471645539925,0.245082250711234,0.24433114546642,0.221512603945609,0.195464916373136
"Center Hill_1_mature",74,"Center Hill","Center Hill_1","mature",36.06935,"temperate",5,4,0.649421411860519,0.170009140566921,0.242297735329315,0.237921761897382,0.218823774023748,0.190337409517905
"Gen Butler_2_mature",75,"Gen Butler","Gen Butler_2","mature",38.675517,"temperate",5,5,0.789968808160913,0.198193675632584,0.313211148621316,0.303263039280635,0.313211148621316,0.303263039280635
"Whitehall_2_mature",76,"Whitehall","Whitehall_2","mature",33.895767,"temperate",5,3,0.518879742174096,0.143694934161264,0.172639287634794,0.172311104453701,0.128147626322778,0.10338666267222
"HV_7_mature",77,"HV","HV_7","mature",37.1818,"temperate",5,5,0.810045513053224,0.202214366552928,0.406213450367484,0.403838988511357,0.406213450367484,0.403838988511357
"McPhee_1_mature",78,"McPhee","McPhee_1","mature",40.971333,"north temperate",5,3,0.522786798452517,0.14448615946443,0.108282474783574,0.0972172820265097,0.0753207252910884,0.0583303692159058
"Whitehall_18_mature",79,"Whitehall","Whitehall_18","mature",33.895767,"temperate",5,4,0.570227858763699,0.154071782116046,0.0804289485392516,0.0738551698912662,0.067964833383502,0.059084135913013
"MacArthur_5_mature",80,"MacArthur","MacArthur_5","mature",27.177583,"subtropical",5,4,0.543966464727055,0.148770213860841,0.112163970659544,0.101018100162202,0.0964023394975126,0.0808144801297619
"Gen Butler_3_mature",81,"Gen Butler","Gen Butler_3","mature",38.675517,"temperate",5,5,0.648016839589638,0.1697269679813,0.168846350631355,0.154016111578866,0.168846350631355,0.154016111578866
"Center Hill_7_mature",82,"Center Hill","Center Hill_7","mature",36.06935,"temperate",5,3,0.589686039526676,0.157993761632183,0.108352542049982,0.0906587837688082,0.0753754538383724,0.0543952702612849
"KBS_9_mature",83,"KBS","KBS_9","mature",42.399933,"north temperate",5,5,0.681301657271473,0.176410240790972,0.292865071147931,0.246003776650889,0.292865071147931,0.246003776650889
"OCM_10_mature",84,"OCM","OCM_10","mature",32.34554,"temperate",5,5,0.559230794363196,0.151852992618629,0.069809034654168,0.0650685859225762,NA,NA
"Dalton_4_mature",85,"Dalton","Dalton_4","mature",34.670883,"temperate",5,5,0.700338977306702,0.180229877268535,0.223318237771896,0.21102659164445,0.223318237771896,0.21102659164445
"KBS_2_mature",86,"KBS","KBS_2","mature",42.399933,"north temperate",5,5,0.782970607756562,0.196791959054047,0.377650633690878,0.362669896941307,0.377650633690878,0.362669896941307
"Center Hill_3_mature",87,"Center Hill","Center Hill_3","mature",36.06935,"temperate",5,5,0.703096523155546,0.180783000438272,0.193657898674754,0.186432544421142,0.193657898674754,0.186432544421142
"Dalton_8_mature",88,"Dalton","Dalton_8","mature",34.670883,"temperate",5,4,0.714389233076175,0.183047791871404,0.321952870072762,0.301043526080515,0.296415908299024,0.240834820864412
"McPhee_8_mature",89,"McPhee","McPhee_8","mature",40.971333,"north temperate",5,4,0.665149593858414,0.173167936992235,0.170090013750058,0.154670099677376,0.149965473754565,0.123736079741901
"OCM_17_mature",90,"OCM","OCM_17","mature",32.34554,"temperate",5,4,0.634610508832864,0.1670329507035,0.149259246518336,0.147815122789173,0.130493110915725,0.118252098231338
"With_43_mature",91,"With","With_43","mature",28.60387,"subtropical",5,5,0.691681405714225,0.178493057221089,0.261367213352283,0.25440489449673,0.237277422541148,0.203523915597384
"Bella_2_mature",92,"Bella","Bella_2","mature",8.79,"tropical",5,4,0.645159441727251,0.169152884671567,0.229581645389795,0.216480347036355,0.206571753413904,0.173184277629084
"HV_3_mature",93,"HV","HV_3","mature",37.1818,"temperate",5,5,0.741198393588382,0.188422378265757,0.393364462286003,0.375800483891294,0.393364462286003,0.375800483891294
"Whitehall_16_mature",94,"Whitehall","Whitehall_16","mature",33.895767,"temperate",5,4,0.636173107290974,0.167347028341877,0.106801916019508,0.104747634800144,0.0915459867141533,0.0837981078401152
"Bella_3_mature",95,"Bella","Bella_3","mature",8.79,"tropical",5,4,0.6004693269752,0.160165294957375,0.135310363342278,0.102003307397625,0.117579007907539,0.0816026459180999
"HV_10_mature",96,"HV","HV_10","mature",37.1818,"temperate",5,4,0.626490349780038,0.165400500084731,0.148613740831111,0.128522888589743,0.12989316622932,0.102818310871794
"McPhee_7_mature",97,"McPhee","McPhee_7","mature",40.971333,"north temperate",5,1,0.6004693269752,0.160165294957375,0.0658865745287328,0.0658865745287328,0.0162468845527182,0.0131773149057466
"MacArthur_15_mature",98,"MacArthur","MacArthur_15","mature",27.177583,"subtropical",5,3,0.403323253092262,0.12009386539504,0.0721468755384406,0.0638769184707801,NA,NA
"TT_7_mature",99,"TT","TT_7","mature",30.673889,"temperate",5,4,0.598385806541204,0.159745816399695,0.0841818184017762,0.0831347103349716,0.0712876688201374,0.0665077682679773
"KBS_8_mature",100,"KBS","KBS_8","mature",42.399933,"north temperate",5,5,0.683447706393704,0.176840917629905,0.13314055556339,0.115313844990746,0.13314055556339,0.115313844990746
"OCM_18_mature",101,"OCM","OCM_18","mature",32.34554,"temperate",5,5,0.640747011331724,0.16826625854841,0.217294836562617,0.197188827641136,0.217294836562617,0.197188827641136
"Caesar_7_mature",102,"Caesar","Caesar_7","mature",39.4887,"north temperate",5,4,0.680214656100692,0.176192087796952,0.245029452399995,0.24223296044155,0.221461600884718,0.19378636835324
"Gav_23_mature",103,"Gav","Gav_23","mature",8.72883,"tropical",5,5,0.65753271555448,0.171638395602346,0.221707923119831,0.205005973968542,0.221707923119831,0.205005973968542
"Hwy 27_6_mature",104,"Hwy 27","Hwy 27_6","mature",26.537067,"subtropical",5,3,0.482250948546446,0.136260331454295,0.135704952170509,0.119050303937673,0.0972319885608624,0.071430182362604
"HV_5_mature",105,"HV","HV_5","mature",37.1818,"temperate",5,4,0.587413084367337,0.157535866666727,0.269333120364678,0.26679554924077,0.245011848005909,0.213436439392616
"TT_25_mature",106,"TT","TT_25","mature",30.673889,"temperate",5,5,0.686599239730858,0.177473333357232,0.279331100747777,0.261616571513666,0.279331100747777,0.261616571513666
"With_46_mature",107,"With","With_46","mature",28.60387,"subtropical",5,4,0.537297505622295,0.147422149365344,0.137929247368415,0.132279987628174,0.119995382541293,0.105823990102539
"With_42_mature",108,"With","With_42","mature",28.60387,"subtropical",5,5,0.608472571751356,0.161776178778351,0.176641376884181,0.165588914751382,0.176641376884181,0.165588914751382
"Bella_21_mature",109,"Bella","Bella_21","mature",8.79,"tropical",5,4,0.547172097291036,0.149417931904688,0.115928559535576,0.108286750515395,0.0998234616272428,0.0866294004123159
"Dalton_9_mature",110,"Dalton","Dalton_9","mature",34.670883,"temperate",5,3,0.564850223007983,0.152986994427015,0.156547742941703,0.152481017957999,0.114496335082904,0.0914886107747994
"Gav_22_mature",111,"Gav","Gav_22","mature",8.72883,"tropical",5,5,0.624801043590217,0.165060817254671,0.227632417284115,0.224489030109061,0.227632417284115,0.224489030109061
"Tiri_12_mature",112,"Tiri","Tiri_12","mature",10.41549,"tropical",5,4,0.639240896449598,0.167963588482561,0.227097154025418,0.217680385266069,0.204183361279183,0.174144308212855
"Hwy 27_1_mature",113,"Hwy 27","Hwy 27_1","mature",26.537067,"subtropical",5,4,0.594111593709345,0.158885134355498,0.215055308809626,0.208810404640399,0.192634176863431,0.167048323712319
"Whitehall_3_mature",114,"Whitehall","Whitehall_3","mature",33.895767,"temperate",5,5,0.645159441727251,0.169152884671567,0.256084126001025,0.254312797675472,0.256084126001025,0.254312797675472
"Gav_1_mature",115,"Gav","Gav_1","mature",8.72883,"tropical",5,5,0.689673265895927,0.178090145017221,0.256643612465614,0.251927876963355,0.256643612465614,0.251927876963355
"OCM_5_mature",116,"OCM","OCM_5","mature",32.34554,"temperate",5,4,0.716039465619448,0.183378705138689,0.216766294548927,0.207473512290225,0.194272358764509,0.16597880983218
"Bella_13_mature",117,"Bella","Bella_13","mature",8.79,"tropical",5,5,0.652184077322019,0.170564107238395,0.276828476779363,0.267477182886991,0.276828476779363,0.267477182886991
"McPhee_6_mature",118,"McPhee","McPhee_6","mature",40.971333,"north temperate",5,5,0.741866858674447,0.188556355580807,0.372612857413499,0.358362043167564,0.372612857413499,0.358362043167564
"TT_9_mature",119,"TT","TT_9","mature",30.673889,"temperate",5,5,0.636173107290974,0.167347028341877,0.229917819495777,0.209649845076619,0.229917819495777,0.209649845076619
"Gen Butler_7_mature",120,"Gen Butler","Gen Butler_7","mature",38.675517,"temperate",5,5,0.668790769363589,0.173898988931706,0.199051727678538,0.192016616150873,0.199051727678538,0.192016616150873
"Gen Butler_1_mature",121,"Gen Butler","Gen Butler_1","mature",38.675517,"temperate",5,0,0.137996611863776,0.0601299521917627,NA,NA,0,0
"Hwy 27_2_mature",122,"Hwy 27","Hwy 27_2","mature",26.537067,"subtropical",5,4,0.550297572569284,0.150049291340647,0.167858100399069,0.162788203914132,0.147869179637733,0.130230563131306
"Whitehall_17_mature",123,"Whitehall","Whitehall_17","mature",33.895767,"temperate",5,4,0.631425460897497,0.16639270429108,0.258096495961925,0.237213657303151,0.23410597298877,0.189770925842521
"Gen Butler_9_mature",124,"Gen Butler","Gen Butler_9","mature",38.675517,"temperate",5,5,0.665149593858414,0.173167936992235,0.270047019896979,0.261922246850772,0.270047019896979,0.261922246850772
"MacArthur_22_mature",125,"MacArthur","MacArthur_22","mature",27.177583,"subtropical",5,5,0.591918401125005,0.158443420510083,0.169659676506175,0.165484424108736,0.169659676506175,0.165484424108736
"Tiri_16_mature",126,"Tiri","Tiri_16","mature",10.41549,"tropical",5,3,0.60251868755415,0.160577851018466,0.284281775403248,0.281542815570976,0.228720186420133,0.168925689342585
"Caesar_10_mature",127,"Caesar","Caesar_10","mature",39.4887,"north temperate",5,4,0.587413084367337,0.157535866666727,0.228481286171551,0.191220835457855,0.205513729245672,0.152976668366284
"OCM_16_mature",128,"OCM","OCM_16","mature",32.34554,"temperate",5,4,0.610395804934419,0.162163188202238,0.257125524570113,0.251496519308246,0.23316495904201,0.201197215446597
"MacArthur_16_mature",129,"MacArthur","MacArthur_16","mature",27.177583,"subtropical",5,4,0.608472571751356,0.161776178778351,0.213263849961795,0.207495291112268,0.190919975174812,0.165996232889814
"HV_13_mature",130,"HV","HV_13","mature",37.1818,"temperate",5,5,0.756922930340444,0.191573585770078,0.345127760733539,0.341847700198856,0.345127760733539,0.341847700198856
"Gav_6_mature",131,"Gav","Gav_6","mature",8.72883,"tropical",5,2,0.642235194995001,0.168565308037424,0.265551863415321,0.265130411183592,0.171625808349119,0.106052164473437
"KBS_5_mature",132,"KBS","KBS_5","mature",42.399933,"north temperate",5,4,0.668790769363589,0.173898988931706,0.232378579220395,0.215786521663253,0.209262678219978,0.172629217330603
"KBS_12_mature",133,"KBS","KBS_12","mature",42.399933,"north temperate",5,5,0.633028129121113,0.166714877018625,0.168664890624374,0.165847510601326,0.168664890624374,0.165847510601326
"MacArthur_21_mature",134,"MacArthur","MacArthur_21","mature",27.177583,"subtropical",5,2,NA,NA,0.0689479520297698,0.0688874488377137,0.0322559084152613,0.0275549795350855
"With_48_mature",135,"With","With_48","mature",28.60387,"subtropical",5,4,0.614155712976966,0.162919684726224,0.229152657379456,0.214706849555435,0.206159227616412,0.171765479644348
"Tiri_5_mature",136,"Tiri","Tiri_5","mature",10.41549,"tropical",5,4,0.612289895331274,0.162544297790021,0.228229847860115,0.224600278959459,0.205272015127734,0.179680223167567
"Tiri_1_mature",137,"Tiri","Tiri_1","mature",10.41549,"tropical",5,5,0.673486333417489,0.174841614764685,0.227931489495068,0.216764606949603,0.227931489495068,0.216764606949603
"Caesar_9_mature",138,"Caesar","Caesar_9","mature",39.4887,"north temperate",5,5,0.760419727046406,0.19227424143857,0.34373855731457,0.335523612193308,0.34373855731457,0.335523612193308
"Hwy 27_8_mature",139,"Hwy 27","Hwy 27_8","mature",26.537067,"subtropical",5,3,0.567567957622287,0.153535271631648,0.215003093382938,0.196634821724884,0.165246143820417,0.117980893034931
"Caesar_5_mature",140,"Caesar","Caesar_5","mature",39.4887,"north temperate",5,4,0.679118119375663,0.175972014403855,0.310279552654015,0.295668885707555,0.284970840364171,0.236535108566044
"TT_10_mature",141,"TT","TT_10","mature",30.673889,"temperate",5,3,0.755735250386444,0.19133560115362,0.381084068033061,0.373293220260051,0.321121503113208,0.223975932156031
"Tiri_22_mature",142,"Tiri","Tiri_22","mature",10.41549,"tropical",5,5,0.734309446387846,0.187041568460861,0.300090952693174,0.254245111896079,0.300090952693174,0.254245111896079
"McPhee_2_mature",143,"McPhee","McPhee_2","mature",40.971333,"north temperate",5,4,0.791770667128386,0.198554563489555,0.39107238211088,0.387533823453855,0.364540129141213,0.310027058763084
"With_47_mature",144,"With","With_47","mature",28.60387,"subtropical",5,4,0.575383653815745,0.155111450252971,0.165419320168252,0.153946256008335,0.145581210741177,0.123157004806668
"Center Hill_2_mature",145,"Center Hill","Center Hill_2","mature",36.06935,"temperate",5,5,0.762132113860869,0.192617340485126,0.287467631567789,0.254254620328596,0.287467631567789,0.254254620328596
"Dalton_2_mature",146,"Dalton","Dalton_2","mature",34.670883,"temperate",5,5,0.687632337606009,0.177680632768855,0.261544720868298,0.252553752452565,0.261544720868298,0.252553752452565
"Center Hill_8_mature",147,"Center Hill","Center Hill_8","mature",36.06935,"temperate",5,4,0.740526334509465,0.188287679083579,0.337169991236752,0.330602132535457,0.311365231930348,0.264481706028366
"Dalton_6_mature",148,"Dalton","Dalton_6","mature",34.670883,"temperate",5,5,0.788600161374015,0.197919549277695,0.382286730225918,0.377565976548463,0.382286730225918,0.377565976548463
"TT_5_mature",149,"TT","TT_5","mature",30.673889,"temperate",5,4,0.704901660797716,0.18114506534426,0.276992160783547,0.271453289381263,0.252461442159258,0.217162631505011
"Hwy 27_3_mature",150,"Hwy 27","Hwy 27_3","mature",26.537067,"subtropical",5,4,0.681301657271473,0.176410240790972,0.227897172959127,0.20322638219673,0.204952235116904,0.162581105757384
"Bella_4_mature",151,"Bella","Bella_4","mature",8.79,"tropical",5,5,0.675769585305064,0.175299926101796,0.281474616770243,0.265175636827425,0.281474616770243,0.265175636827425
"Center Hill_1_mature",152,"Center Hill","Center Hill_1","mature",36.06935,"temperate",5,5,0.698466227004198,0.179854210542075,0.255528598240511,0.246859331733231,0.255528598240511,0.246859331733231
"Gen Butler_2_mature",153,"Gen Butler","Gen Butler_2","mature",38.675517,"temperate",5,5,0.791770667128386,0.198554563489555,0.349608326837413,0.33152798697215,0.349608326837413,0.33152798697215
"Whitehall_2_mature",154,"Whitehall","Whitehall_2","mature",33.895767,"temperate",5,4,0.648016839589638,0.1697269679813,0.252386778145092,0.252082994566704,0.22857569629359,0.201666395653363
"HV_7_mature",155,"HV","HV_7","mature",37.1818,"temperate",5,3,0.671160598416103,0.174374744302356,0.334824813029474,0.302517391424436,0.276566135727274,0.181510434854662
"McPhee_1_mature",156,"McPhee","McPhee_1","mature",40.971333,"north temperate",5,3,0.681301657271473,0.176410240790972,0.259303624982036,0.258348013990863,0.205504069649825,0.155008808394518
"Whitehall_18_mature",157,"Whitehall","Whitehall_18","mature",33.895767,"temperate",5,3,0.621352358776154,0.16436728381169,0.281927950227054,0.281452881963486,0.226518769859474,0.168871729178092
"MacArthur_5_mature",158,"MacArthur","MacArthur_5","mature",27.177583,"subtropical",5,2,0.526575426323448,0.145253109589752,0.199315912462293,0.199101909646541,0.118007691102439,0.0796407638586163
"Gen Butler_3_mature",159,"Gen Butler","Gen Butler_3","mature",38.675517,"temperate",5,5,0.686599239730858,0.177473333357232,0.272783606434913,0.262833169849104,0.272783606434913,0.262833169849104
"Center Hill_7_mature",160,"Center Hill","Center Hill_7","mature",36.06935,"temperate",5,4,0.567567957622287,0.153535271631648,0.182501174867771,0.167055628955822,0.161662686783841,0.133644503164657
"KBS_9_mature",161,"KBS","KBS_9","mature",42.399933,"north temperate",5,5,0.721649525251917,0.184503579324583,0.347249882491507,0.326773120112563,0.347249882491507,0.326773120112563
"OCM_10_mature",162,"OCM","OCM_10","mature",32.34554,"temperate",5,3,0.487460903958378,0.137319847946172,0.133519135147925,0.129690085002514,0.0954507055260633,0.0778140510015087
"Dalton_4_mature",163,"Dalton","Dalton_4","mature",34.670883,"temperate",5,5,0.648016839589638,0.1697269679813,0.239416639288155,0.232199004749282,0.239416639288155,0.232199004749282
"KBS_2_mature",164,"KBS","KBS_2","mature",42.399933,"north temperate",5,5,0.686599239730858,0.177473333357232,0.334413324929153,0.277762013248545,0.334413324929153,0.277762013248545
"Center Hill_3_mature",165,"Center Hill","Center Hill_3","mature",36.06935,"temperate",5,5,0.709303648078614,0.1820279304339,0.300177042411122,0.299331472128514,0.300177042411122,0.299331472128514
"Dalton_8_mature",166,"Dalton","Dalton_8","mature",34.670883,"temperate",5,4,0.646596305203227,0.169441574148461,0.309077897827644,0.289961273505085,0.283793889457541,0.231969018804068
"McPhee_8_mature",167,"McPhee","McPhee_8","mature",40.971333,"north temperate",5,5,0.743851069304207,0.188954032672677,0.352365436680657,0.330346191310172,0.352365436680657,0.330346191310172
"OCM_17_mature",168,"OCM","OCM_17","mature",32.34554,"temperate",5,4,0.547172097291036,0.149417931904688,0.123063746356412,0.118983116551567,0.106332952304366,0.0951864932412534
"With_43_mature",169,"With","With_43","mature",28.60387,"subtropical",5,4,0.547172097291036,0.149417931904688,0.156506053444687,0.140076408516193,0.137243174960051,0.112061126812955
"Bella_2_mature",170,"Bella","Bella_2","mature",8.79,"tropical",5,3,0.575383653815745,0.155111450252971,0.219646003057305,0.216087729145504,0.169402050693629,0.129652637487303
"HV_3_mature",171,"HV","HV_3","mature",37.1818,"temperate",5,3,0.689673265895927,0.178090145017221,0.354136961259554,0.328982898407593,0.295092598395299,0.197389739044556
"Whitehall_16_mature",172,"Whitehall","Whitehall_16","mature",33.895767,"temperate",5,3,0.585098031943796,0.157069428266169,0.211169691951247,0.210814174666708,0.161827196568498,0.126488504800025
"Bella_3_mature",173,"Bella","Bella_3","mature",8.79,"tropical",5,5,0.667588790806968,0.173657672453741,0.215336895827317,0.211317505894694,0.215336895827317,0.211317505894694
"HV_10_mature",174,"HV","HV_10","mature",37.1818,"temperate",5,5,0.629801977138373,0.166066325490631,0.166016930868295,0.163851873518921,0.166016930868295,0.163851873518921
"McPhee_7_mature",175,"McPhee","McPhee_7","mature",40.971333,"north temperate",5,4,0.667588790806968,0.173657672453741,0.250100512020345,0.246259534620867,0.226363536008352,0.197007627696694
"MacArthur_15_mature",176,"MacArthur","MacArthur_15","mature",27.177583,"subtropical",5,4,0.51484661403199,0.142877846615235,0.150221297596342,0.142408959108651,0.131387663249632,0.113927167286921
"TT_7_mature",177,"TT","TT_7","mature",30.673889,"temperate",5,4,NA,NA,0.30032077066967,0.295520198063858,0.275223988619662,0.236416158451086
"KBS_8_mature",178,"KBS","KBS_8","mature",42.399933,"north temperate",5,4,0.643705869385089,0.16886082254627,0.245258084190783,0.241697735773065,0.221682464007078,0.193358188618452
"OCM_18_mature",179,"OCM","OCM_18","mature",32.34554,"temperate",5,4,0.646596305203227,0.169441574148461,0.266770805171135,0.263363272324004,0.242522434293291,0.210690617859204
"Caesar_7_mature",180,"Caesar","Caesar_7","mature",39.4887,"north temperate",5,5,0.734309446387846,0.187041568460861,0.394096276226681,0.377165801230383,0.394096276226681,0.377165801230383
"Gav_23_mature",181,"Gav","Gav_23","mature",8.72883,"tropical",5,2,NA,NA,0.165818044589265,0.159949841398016,0.0931700065008599,0.0639799365592062
"Hwy 27_6_mature",182,"Hwy 27","Hwy 27_6","mature",26.537067,"subtropical",5,4,0.403323253092262,0.12009386539504,0.0719830024931516,0.0597706734067188,0.0479194778150079,0.0358624040440313
"HV_5_mature",183,"HV","HV_5","mature",37.1818,"temperate",5,4,0.663911910979787,0.172919424023815,0.270680900596926,0.246960133321799,0.24632186083659,0.197568106657439
"TT_25_mature",184,"TT","TT_25","mature",30.673889,"temperate",5,5,0.650810376756387,0.170288163811072,0.261513868097562,0.256892776228284,0.261513868097562,0.256892776228284
"With_46_mature",185,"With","With_46","mature",28.60387,"subtropical",5,4,0.51484661403199,0.142877846615235,0.108571249457843,0.0976113017646975,0.0931462760783871,0.078089041411758
"With_42_mature",186,"With","With_42","mature",28.60387,"subtropical",5,5,0.550297572569284,0.150049291340647,0.133484766162281,0.13206925129112,0.133484766162281,0.13206925129112
"Bella_21_mature",187,"Bella","Bella_21","mature",8.79,"tropical",5,2,0.487460903958378,0.137319847946172,0.152935158839247,0.122179722107914,0.0840925463477853,0.0488718888431655
"Dalton_9_mature",188,"Dalton","Dalton_9","mature",34.670883,"temperate",5,2,0.438036917458215,0.127234621458195,0.131265259938459,0.103568548140693,0.0694653130810341,0.0414274192562771
"Gav_22_mature",189,"Gav","Gav_22","mature",8.72883,"tropical",5,4,NA,NA,0.231047008705869,0.224202228102768,0.207981292159083,0.179361782482214
"Tiri_12_mature",190,"Tiri","Tiri_12","mature",10.41549,"tropical",5,3,0.591918401125005,0.158443420510083,0.250578524075146,0.245180139602803,0.197475388413051,0.147108083761682
"Hwy 27_1_mature",191,"Hwy 27","Hwy 27_1","mature",26.537067,"subtropical",5,4,0.636173107290974,0.167347028341877,0.256917617664455,0.254274521799491,0.23296349606758,0.203419617439593
"Whitehall_3_mature",192,"Whitehall","Whitehall_3","mature",33.895767,"temperate",5,5,0.623088594232942,0.16471645539925,0.226804223283366,0.226142263455834,0.226804223283366,0.226142263455834
"Gav_1_mature",193,"Gav","Gav_1","mature",8.72883,"tropical",5,4,NA,NA,0.297709187414126,0.292920422889741,0.27267077017522,0.234336338311793
"OCM_5_mature",194,"OCM","OCM_5","mature",32.34554,"temperate",5,4,0.690681368387241,0.178292412801591,0.307218693061924,0.305052016429555,0.281973367930676,0.244041613143644
"Bella_13_mature",195,"Bella","Bella_13","mature",8.79,"tropical",5,5,0.779071595398721,0.196010948158031,0.417401062040996,0.413313384770669,0.417401062040996,0.413313384770669
"McPhee_6_mature",196,"McPhee","McPhee_6","mature",40.971333,"north temperate",5,4,0.782489830538371,0.196695656635184,0.436213974399112,0.412278651636367,0.409270839774872,0.329822921309093
"TT_9_mature",197,"TT","TT_9","mature",30.673889,"temperate",5,3,0.530252594537345,0.145997229852784,0.218010668589602,0.194247637325518,0.167936404849323,0.116548582395311
"Gen Butler_7_mature",198,"Gen Butler","Gen Butler_7","mature",38.675517,"temperate",5,5,0.617805820435883,0.163653960521078,0.189753016474723,0.178985428448281,0.189753016474723,0.178985428448281
"Gen Butler_1_mature",199,"Gen Butler","Gen Butler_1","mature",38.675517,"temperate",5,5,0.797880170773792,0.199778159590887,0.391477237667594,0.38472284250952,0.391477237667594,0.38472284250952
"Hwy 27_2_mature",200,"Hwy 27","Hwy 27_2","mature",26.537067,"subtropical",5,4,0.497271395987218,0.139312998370225,0.135775283573929,0.11935252703132,0.118007691102439,0.0954820216250564
"Whitehall_17_mature",201,"Whitehall","Whitehall_17","mature",33.895767,"temperate",5,4,0.640747011331724,0.16826625854841,0.296531383903394,0.289574135449279,0.271519681272447,0.231659308359423
"Gen Butler_9_mature",202,"Gen Butler","Gen Butler_9","mature",38.675517,"temperate",5,4,0.720863339364985,0.184345948751457,0.35369126232999,0.350800760865814,0.327629853014073,0.280640608692651
"MacArthur_22_mature",203,"MacArthur","MacArthur_22","mature",27.177583,"subtropical",5,3,0.543966464727055,0.148770213860841,0.177466142150766,0.172960122063172,0.132293211929944,0.103776073237903
"Tiri_16_mature",204,"Tiri","Tiri_16","mature",10.41549,"tropical",5,2,0.537297505622295,0.147422149365344,0.245556434630771,0.237794330914819,0.154883705170421,0.0951177323659277
"Caesar_10_mature",205,"Caesar","Caesar_10","mature",39.4887,"north temperate",5,4,0.621352358776154,0.16436728381169,0.240904610473712,0.217553567141407,0.217479299545392,0.174042853713125
"OCM_16_mature",206,"OCM","OCM_16","mature",32.34554,"temperate",5,2,0.526575426323448,0.145253109589752,0.200703834261393,0.180840854411712,0.119073010946428,0.0723363417646847
"MacArthur_16_mature",207,"MacArthur","MacArthur_16","mature",27.177583,"subtropical",5,4,0.640747011331724,0.16826625854841,0.231998180190916,0.222877465283907,0.208896563279867,0.178301972227125
"HV_13_mature",208,"HV","HV_13","mature",37.1818,"temperate",5,4,0.715217072595482,0.183213796019002,0.302045013406611,0.298600663610176,0.276910345573906,0.238880530888141
"Gav_6_mature",209,"Gav","Gav_6","mature",8.72883,"tropical",5,4,0.497271395987218,0.139312998370225,0.0472189086925811,0.0462497144489066,0.0390956066024055,0.0369997715591253
"KBS_5_mature",210,"KBS","KBS_5","mature",42.399933,"north temperate",5,4,0.596266968130669,0.159319179062602,0.151362345549584,0.14153524553633,0.132449277705923,0.113228196429064
"KBS_12_mature",211,"KBS","KBS_12","mature",42.399933,"north temperate",5,2,0.482250948546446,0.136260331454295,0.0878252924163376,0.0862452571320029,0.0427357658081616,0.0344981028528012
"MacArthur_21_mature",212,"MacArthur","MacArthur_21","mature",27.177583,"subtropical",5,3,0.51484661403199,0.142877846615235,0.103641736219942,0.0934068334616257,0.0717109675653272,0.0560441000769754
"With_48_mature",213,"With","With_48","mature",28.60387,"subtropical",5,3,0.553346801651284,0.15066509815273,0.196059627422375,0.194690094036549,0.148465182967486,0.11681405642193
"Tiri_5_mature",214,"Tiri","Tiri_5","mature",10.41549,"tropical",5,4,0.645159441727251,0.169152884671567,0.213592514188495,0.208609681806005,0.191234386199677,0.166887745444804
"Tiri_1_mature",215,"Tiri","Tiri_1","mature",10.41549,"tropical",5,4,0.628157130014255,0.165735629339528,0.222965912191349,0.215549291390758,0.200216033670506,0.172439433112607
"Caesar_9_mature",216,"Caesar","Caesar_9","mature",39.4887,"north temperate",5,4,0.612289895331274,0.162544297790021,0.234971293318846,0.225562018935634,0.211759141908849,0.180449615148507
"Hwy 27_8_mature",217,"Hwy 27","Hwy 27_8","mature",26.537067,"subtropical",5,4,0.587413084367337,0.157535866666727,0.193618066500642,0.193478437191319,0.172194536897076,0.154782749753055
"Caesar_5_mature",218,"Caesar","Caesar_5","mature",39.4887,"north temperate",5,5,0.649421411860519,0.170009140566921,0.25478837479016,0.238490633717158,0.25478837479016,0.238490633717158
"TT_10_mature",219,"TT","TT_10","mature",30.673889,"temperate",5,2,0.51484661403199,0.142877846615235,0.22792745274449,0.217839203087165,0.14050251157533,0.0871356812348659
"Tiri_22_mature",220,"Tiri","Tiri_22","mature",10.41549,"tropical",5,4,0.60251868755415,0.160577851018466,0.229362347087934,0.22676647455483,0.20636086379333,0.181413179643864
"McPhee_2_mature",221,"McPhee","McPhee_2","mature",40.971333,"north temperate",5,2,0.537297505622295,0.147422149365344,0.186893595753997,0.186388838220378,0.108597468650388,0.0745555352881511
"With_47_mature",222,"With","With_47","mature",28.60387,"subtropical",5,1,0.201983400024875,0.0763042919742331,NA,NA,NA,NA
"Center Hill_2_mature",223,"Center Hill","Center Hill_2","mature",36.06935,"temperate",5,4,0.575383653815745,0.155111450252971,0.141041611264649,0.12879902693718,0.122872118133648,0.103039221549744
"Dalton_2_mature",224,"Dalton","Dalton_2","mature",34.670883,"temperate",5,3,0.589686039526676,0.157993761632183,0.223914365748613,0.219476016055292,0.173236785137319,0.131685609633175
"Center Hill_8_mature",225,"Center Hill","Center Hill_8","mature",36.06935,"temperate",5,5,0.621352358776154,0.16436728381169,0.129041253234266,0.112845055958171,0.129041253234266,0.112845055958171
"Dalton_6_mature",226,"Dalton","Dalton_6","mature",34.670883,"temperate",5,3,0.591918401125005,0.158443420510083,0.201462751760896,0.196507387200071,0.153221679285599,0.117904432320042
"TT_5_mature",227,"TT","TT_5","mature",30.673889,"temperate",5,4,0.550297572569284,0.150049291340647,0.15625562405354,0.150730789375123,0.137009467627014,0.120584631500098
"Hwy 27_3_mature",228,"Hwy 27","Hwy 27_3","mature",26.537067,"subtropical",5,3,0.562072084005125,0.152426422772174,0.187805804731989,0.183285996137317,0.141247718551771,0.10997159768239
"Bella_4_mature",229,"Bella","Bella_4","mature",8.79,"tropical",5,5,0.606519284958356,0.161383083975298,0.19224810929504,0.156430991490282,0.19224810929504,0.156430991490282
"Center Hill_1_mature",230,"Center Hill","Center Hill_1","mature",36.06935,"temperate",5,1,0.51067900585235,0.14203314884745,0.263958336121822,0.263958336121822,0.112133392113299,0.0527916672243643
"Gen Butler_2_mature",231,"Gen Butler","Gen Butler_2","mature",38.675517,"temperate",5,4,0.598385806541204,0.159745816399695,0.236375162984713,0.222926697148783,0.213111692025799,0.178341357719026
"Whitehall_2_mature",232,"Whitehall","Whitehall_2","mature",33.895767,"temperate",5,4,0.570227858763699,0.154071782116046,0.21625766934473,0.206708675865047,0.193785276403168,0.165366940692038
"HV_7_mature",233,"HV","HV_7","mature",37.1818,"temperate",5,3,0.553346801651284,0.15066509815273,0.194293493264518,0.183725248077418,0.146915798216977,0.110235148846451
"McPhee_1_mature",234,"McPhee","McPhee_1","mature",40.971333,"north temperate",5,3,0.547172097291036,0.149417931904688,0.117109670685318,0.116180562861514,0.0603649818140352,0.0464722251446057
"Whitehall_18_mature",235,"Whitehall","Whitehall_18","mature",33.895767,"temperate",5,3,0.572832336628249,0.154597020344272,0.233988091968102,0.215690470559253,0.182338505203617,0.129414282335552
"MacArthur_5_mature",236,"MacArthur","MacArthur_5","mature",27.177583,"subtropical",5,4,0.577883937140472,0.155615507713723,0.174777866498146,0.153990219063376,0.154375780863264,0.123192175250701
"Gen Butler_3_mature",237,"Gen Butler","Gen Butler_3","mature",38.675517,"temperate",5,5,0.699406109316345,0.180042749526113,0.270558973858051,0.265268343786121,0.270558973858051,0.265268343786121
"Center Hill_7_mature",238,"Center Hill","Center Hill_7","mature",36.06935,"temperate",5,4,0.612289895331274,0.162544297790021,0.232320131588407,0.228695945166979,0.209206422593466,0.182956756133583
"KBS_9_mature",239,"KBS","KBS_9","mature",42.399933,"north temperate",5,5,0.66637514192005,0.173414003907925,0.270862852181229,0.262603341274362,0.270862852181229,0.262603341274362
"OCM_10_mature",240,"OCM","OCM_10","mature",32.34554,"temperate",5,5,0.646596305203227,0.169441574148461,0.247652766771672,0.229130398272461,0.247652766771672,0.229130398272461
"Dalton_4_mature",241,"Dalton","Dalton_4","mature",34.670883,"temperate",5,3,0.678011878316266,0.175749986500664,0.281709365203005,0.272099839656874,0.226314474713812,0.163259903794124
"KBS_2_mature",242,"KBS","KBS_2","mature",42.399933,"north temperate",5,3,0.711021935419605,0.182372527727185,0.426854658420774,0.346528742617883,0.36571200009629,0.20791724557073
"Center Hill_3_mature",243,"Center Hill","Center Hill_3","mature",36.06935,"temperate",5,5,0.745804274725436,0.189345482805288,0.315848010891559,0.306131197521511,0.315848010891559,0.306131197521511
"Dalton_8_mature",244,"Dalton","Dalton_8","mature",34.670883,"temperate",5,2,0.604534990352816,0.160983709357325,0.262144832810624,0.262138339145423,0.168742691456762,0.104855335658169
"McPhee_8_mature",245,"McPhee","McPhee_8","mature",40.971333,"north temperate",5,5,0.770358910580228,0.194265570456653,0.337495533064847,0.326247084287618,0.337495533064848,0.326247084287618
"OCM_17_mature",246,"OCM","OCM_17","mature",32.34554,"temperate",5,4,0.663911910979787,0.172919424023815,0.252195767245219,0.250689927070834,0.228390826633168,0.200551941656667
"With_43_mature",247,"With","With_43","mature",28.60387,"subtropical",5,5,0.623088594232942,0.16471645539925,0.19976172634168,0.194382664045242,0.19976172634168,0.194382664045242
"Bella_2_mature",248,"Bella","Bella_2","mature",8.79,"tropical",5,2,0.636173107290974,0.167347028341877,0.336405385348229,0.335901294164401,0.233975272112699,0.134360517665761
"HV_3_mature",249,"HV","HV_3","mature",37.1818,"temperate",5,5,0.76382135918694,0.192955794529368,0.426555075717688,0.402948096280912,0.426555075717688,0.402948096280912
"Whitehall_16_mature",250,"Whitehall","Whitehall_16","mature",33.895767,"temperate",5,2,0.585098031943796,0.157069428266169,0.268853942220814,0.253826892923128,0.174431537363082,0.101530757169251
"Bella_3_mature",251,"Bella","Bella_3","mature",8.79,"tropical",5,5,0.669981299895478,0.174137998315818,0.304884014180525,0.300108913225498,0.304884014180525,0.300108913225498
"HV_10_mature",252,"HV","HV_10","mature",37.1818,"temperate",5,5,0.662661850572115,0.172668415883521,0.185993501855799,0.146607373074146,0.185993501855799,0.146607373074146
"McPhee_7_mature",253,"McPhee","McPhee_7","mature",40.971333,"north temperate",5,4,0.794862741271186,0.199173846730246,0.417718513814637,0.416570249327113,0.390926181022291,0.33325619946169
"MacArthur_15_mature",254,"MacArthur","MacArthur_15","mature",27.177583,"subtropical",5,3,0.487460903958378,0.137319847946172,0.155254875641549,0.153957678701347,0.113411293709607,0.0923746072208084
"TT_7_mature",255,"TT","TT_7","mature",30.673889,"temperate",5,5,0.642235194995001,0.168565308037424,0.246028826542979,0.224204965562245,0.246028826542979,0.224204965562245
"KBS_8_mature",256,"KBS","KBS_8","mature",42.399933,"north temperate",5,4,0.634610508832864,0.1670329507035,0.250816846358969,0.241694046483545,0.227056510227303,0.193355237186836
"OCM_18_mature",257,"OCM","OCM_18","mature",32.34554,"temperate",5,4,0.702184083711147,0.180599982443909,0.320011427866971,0.3170875653098,0.294510993063919,0.25367005224784
"Caesar_7_mature",258,"Caesar","Caesar_7","mature",39.4887,"north temperate",5,5,0.808490263692189,0.201902932288526,0.40827525760933,0.404203871709585,0.40827525760933,0.404203871709585
"Gav_23_mature",259,"Gav","Gav_23","mature",8.72883,"tropical",5,4,0.530252594537345,0.145997229852784,0.187271387500689,0.163931539371503,0.166175812364105,0.131145231497203
"Hwy 27_6_mature",260,"Hwy 27","Hwy 27_6","mature",26.537067,"subtropical",5,4,0.654887002187021,0.171107021453891,0.261922050586518,0.236019560652303,0.237815668693054,0.188815648521842
"Gav_6_mature",287,"Gav","Gav_6","mature",8.72883,"tropical",5,5,0.652184077322019,0.170564107238395,0.226183550376104,0.213342796775173,0.226183550376104,0.213342796775173
"KBS_5_mature",288,"KBS","KBS_5","mature",42.399933,"north temperate",5,5,0.660123589243901,0.172158710076675,0.220608471719967,0.210959602966163,0.220608471719967,0.210959602966163
"KBS_12_mature",289,"KBS","KBS_12","mature",42.399933,"north temperate",5,4,0.637716412964422,0.167657209096086,0.196985141113157,0.19525319779047,0.175393934773289,0.156202558232376
"MacArthur_21_mature",290,"MacArthur","MacArthur_21","mature",27.177583,"subtropical",5,4,0.501902240985099,0.140252986979132,0.0859854188606058,0.0847440462629543,0.072888634418876,0.0677952370103635
"With_48_mature",291,"With","With_48","mature",28.60387,"subtropical",5,4,0.570227858763699,0.154071782116046,0.186556819618535,0.181725732844922,0.165499166865314,0.145380586275937
"Tiri_5_mature",292,"Tiri","Tiri_5","mature",10.41549,"tropical",5,5,0.696564991851123,0.179472812564945,0.265180854478108,0.257736174743489,0.265180854478108,0.257736174743489
"Tiri_1_mature",293,"Tiri","Tiri_1","mature",10.41549,"tropical",5,5,0.715217072595482,0.183213796019002,0.304324416155829,0.300907375682381,0.304324416155829,0.300907375682381
"Caesar_9_mature",294,"Caesar","Caesar_9","mature",39.4887,"north temperate",5,5,0.681301657271473,0.176410240790972,0.254794887072326,0.235343096433091,0.254794887072326,0.235343096433091
"Hwy 27_8_mature",295,"Hwy 27","Hwy 27_8","mature",26.537067,"subtropical",5,5,0.640747011331724,0.16826625854841,0.212929767965161,0.209396810264035,0.212929767965161,0.209396810264035
"Caesar_5_mature",296,"Caesar","Caesar_5","mature",39.4887,"north temperate",5,5,0.741198393588382,0.188422378265757,0.377269863264443,0.355872908052332,0.377269863264443,0.355872908052332
"TT_10_mature",297,"TT","TT_10","mature",30.673889,"temperate",5,4,0.811199381598304,0.202445422371369,0.426591327184479,0.419975909601509,0.399723887003872,0.335980727681207
"Tiri_22_mature",298,"Tiri","Tiri_22","mature",10.41549,"tropical",5,5,0.830331627453156,0.206276188412375,0.404140726229685,0.397168252034712,0.404140726229685,0.397168252034712
"McPhee_2_mature",299,"McPhee","McPhee_2","mature",40.971333,"north temperate",5,5,0.665149593858414,0.173167936992235,0.206514273339317,0.190325017627385,0.206514273339317,0.190325017627385
"With_47_mature",300,"With","With_47","mature",28.60387,"subtropical",5,3,0.562072084005125,0.152426422772174,0.168876568371906,0.155695339366492,0.124931839641861,0.093417203619895
"Center Hill_2_mature",301,"Center Hill","Center Hill_2","mature",36.06935,"temperate",5,4,0.621352358776154,0.16436728381169,0.156648931014179,0.149558188625346,0.13737652608618,0.119646550900277
"Dalton_2_mature",302,"Dalton","Dalton_2","mature",34.670883,"temperate",5,4,0.668790769363589,0.173898988931706,0.30506490988542,0.303315020131029,0.279865107028145,0.242652016104823
"Center Hill_8_mature",303,"Center Hill","Center Hill_8","mature",36.06935,"temperate",5,3,0.598385806541204,0.159745816399695,0.191281299317135,0.184996772642955,0.144279524052013,0.110998063585773
"Dalton_6_mature",304,"Dalton","Dalton_6","mature",34.670883,"temperate",5,5,0.723978843055275,0.184970593985438,0.361988992283973,0.347832258092483,0.361988992283973,0.347832258092483
"TT_5_mature",305,"TT","TT_5","mature",30.673889,"temperate",5,4,0.669981299895478,0.174137998315818,0.24711552532306,0.239083975577887,0.223477297499349,0.19126718046231
"Hwy 27_3_mature",306,"Hwy 27","Hwy 27_3","mature",26.537067,"subtropical",5,3,0.680214656100692,0.176192087796952,0.294784006801037,0.29282070559358,0.238574238369939,0.175692423356148
"Bella_4_mature",307,"Bella","Bella_4","mature",8.79,"tropical",5,5,0.612289895331274,0.162544297790021,0.183829438694205,0.173294520048667,0.183829438694205,0.173294520048667
"Center Hill_1_mature",308,"Center Hill","Center Hill_1","mature",36.06935,"temperate",5,3,0.559230794363196,0.151852992618629,0.173723531296768,0.166999196211289,0.12907686577012,0.100199517726773
"Gen Butler_2_mature",309,"Gen Butler","Gen Butler_2","mature",38.675517,"temperate",5,5,0.688656967092985,0.177886227385072,0.275356643949379,0.267034655877964,0.275356643949379,0.267034655877964
"Whitehall_2_mature",310,"Whitehall","Whitehall_2","mature",33.895767,"temperate",5,4,0.51484661403199,0.142877846615235,0.109823608086268,0.105722009740415,0.0942802849899695,0.0845776077923319
"HV_7_mature",311,"HV","HV_7","mature",37.1818,"temperate",5,5,0.720072177458948,0.184187317972573,0.29695156019094,0.292690576203857,0.29695156019094,0.292690576203857
"McPhee_1_mature",312,"McPhee","McPhee_1","mature",40.971333,"north temperate",5,4,0.685557532320594,0.177264300641234,0.206142409910707,0.194320978209803,0.18411633347243,0.155456782567842
"HV_5_mature",339,"HV","HV_5","mature",37.1818,"temperate",5,4,0.650810376756387,0.170288163811072,0.257412825979869,0.249218006655439,0.23344337281794,0.199374405324351
"TT_25_mature",340,"TT","TT_25","mature",30.673889,"temperate",5,5,0.572832336628249,0.154597020344272,0.19955928075528,0.195368652394671,0.19955928075528,0.195368652394671
"With_46_mature",341,"With","With_46","mature",28.60387,"subtropical",5,3,0.471130533714576,0.133996259979096,0.0923447114764997,0.0869493589668117,0.0630506319953835,0.052169615380087
"With_42_mature",342,"With","With_42","mature",28.60387,"subtropical",5,3,0.465175893226171,0.132782382195957,0.123971149131258,0.120293035692944,0.0877385857785647,0.0721758214157663
"Bella_21_mature",343,"Bella","Bella_21","mature",8.79,"tropical",5,4,NA,NA,0.135458480160286,0.12465096324684,0.117715566641371,0.0997207705974718
"Dalton_9_mature",344,"Dalton","Dalton_9","mature",34.670883,"temperate",5,4,0.482250948546446,0.136260331454295,0.0998572043727574,0.0989816399557077,0.0852860546531337,0.0791853119645662
"Gav_22_mature",345,"Gav","Gav_22","mature",8.72883,"tropical",5,4,0.471130533714576,0.133996259979096,0.0687678107678676,0.0667436170531515,0.0577149262072548,0.0533948936425212
"Tiri_12_mature",346,"Tiri","Tiri_12","mature",10.41549,"tropical",5,4,0.582739293421334,0.156594121551312,0.196635635371038,0.190159773017865,0.175061635064963,0.152127818414292
"Hwy 27_1_mature",347,"Hwy 27","Hwy 27_1","mature",26.537067,"subtropical",5,4,0.51067900585235,0.14203314884745,0.108571249457843,0.101576452495832,0.0931462760783871,0.0812611619966653
"Whitehall_3_mature",348,"Whitehall","Whitehall_3","mature",33.895767,"temperate",5,4,0.51484661403199,0.142877846615235,0.157750729447068,0.146029400849999,0.138405201920771,0.11682352068
"Gav_1_mature",349,"Gav","Gav_1","mature",8.72883,"tropical",5,4,0.626490349780038,0.165400500084731,0.212352684196098,0.208956745423449,0.190048511950074,0.167165396338759
"OCM_5_mature",350,"OCM","OCM_5","mature",32.34554,"temperate",5,5,0.643705869385089,0.16886082254627,0.235207638727917,0.234122873999385,0.235207638727917,0.234122873999385
"Bella_13_mature",351,"Bella","Bella_13","mature",8.79,"tropical",5,4,0.591918401125005,0.158443420510083,0.196829925861426,0.189054066236957,0.175246355063112,0.151243252989566
"McPhee_6_mature",352,"McPhee","McPhee_6","mature",40.971333,"north temperate",5,4,0.619591667118361,0.164013166230671,0.218465062529263,0.210144773334792,0.195899780853278,0.168115818667834
"TT_9_mature",353,"TT","TT_9","mature",30.673889,"temperate",5,5,0.589686039526676,0.157993761632183,0.209702473560809,0.199286394043797,0.209702473560809,0.199286394043797
"Gen Butler_7_mature",354,"Gen Butler","Gen Butler_7","mature",38.675517,"temperate",5,4,0.465175893226171,0.132782382195957,0.0557458814271868,0.0539668407983404,0.0464109570383222,0.0431734726386723
"Gen Butler_1_mature",355,"Gen Butler","Gen Butler_1","mature",38.675517,"temperate",5,4,0.672328874882073,0.174609269357827,0.259366423275244,0.243442999299072,0.23533705802752,0.194754399439258
"Hwy 27_2_mature",356,"Hwy 27","Hwy 27_2","mature",26.537067,"subtropical",5,5,0.598385806541204,0.159745816399695,0.199163566313027,0.186243126939474,0.199163566313027,0.186243126939474
"Whitehall_17_mature",357,"Whitehall","Whitehall_17","mature",33.895767,"temperate",5,4,0.660123589243901,0.172158710076675,0.253180904302242,0.239952882671519,0.229344387461144,0.191962306137215
"Gen Butler_9_mature",358,"Gen Butler","Gen Butler_9","mature",38.675517,"temperate",5,5,0.643705869385089,0.16886082254627,0.230993843609725,0.223637220901492,0.230993843609725,0.223637220901492
"MacArthur_22_mature",359,"MacArthur","MacArthur_22","mature",27.177583,"subtropical",5,5,0.518879742174096,0.143694934161264,0.114576335085634,0.110892169460974,0.114576335085634,0.110892169460974
"Tiri_16_mature",360,"Tiri","Tiri_16","mature",10.41549,"tropical",5,5,0.562072084005125,0.152426422772174,0.17703017968598,0.164704184415222,0.17703017968598,0.164704184415222
"Caesar_10_mature",361,"Caesar","Caesar_10","mature",39.4887,"north temperate",5,4,0.653542845415017,0.17083703809641,0.270005223276063,0.263141795034507,0.245665067821892,0.210513436027606
"OCM_16_mature",362,"OCM","OCM_16","mature",32.34554,"temperate",5,4,NA,NA,0.214831374675927,0.197199961800829,0.192419842105841,0.157759969440663
"MacArthur_16_mature",363,"MacArthur","MacArthur_16","mature",27.177583,"subtropical",5,5,0.537297505622295,0.147422149365344,0.139327107851228,0.133203850677888,0.139327107851228,0.133203850677888
"HV_13_mature",364,"HV","HV_13","mature",37.1818,"temperate",5,5,0.729986149263919,0.186174926553266,0.279865107028145,0.278630745039214,0.279865107028145,0.278630745039214
"Whitehall_18_young",391,"Whitehall","Whitehall_18","young",33.895767,"temperate",3,1,0.47451082158652,0.198512977746808,0.225144938140745,0.225144938140745,0.129076823563259,0.0750483127135818
"MacArthur_5_young",392,"MacArthur","MacArthur_5","young",27.177583,"subtropical",3,1,0.163613315454888,0.0890814106544632,0.00414397608263299,0.00414397608263299,0.00139856838949682,0.00138132536087766
"Gen Butler_3_young",393,"Gen Butler","Gen Butler_3","young",38.675517,"temperate",3,3,0.489153397839364,0.203436811772106,0.10975609630535,0.105642438913997,0.10975609630535,0.105642438913997
"Center Hill_7_young",394,"Center Hill","Center Hill_7","young",36.06935,"temperate",3,2,0.451396752665226,0.190727665002989,0.0740892450244826,0.0677014948092048,0.0544229173935461,0.0451343298728032
"KBS_9_young",395,"KBS","KBS_9","young",42.399933,"north temperate",3,2,0.422176287621986,0.180858016276865,0.0392744236655315,0.0392213571867465,0.0276601382372611,0.026147571457831
"OCM_10_young",396,"OCM","OCM_10","young",32.34554,"temperate",3,3,0.382417704708506,0.167363029039402,0.0368554397631728,0.0319934852213117,0.0368554397631728,0.0319934852213117
"Dalton_4_young",397,"Dalton","Dalton_4","young",34.670883,"temperate",3,3,0.517282712480959,0.212881383942614,0.153121573839395,0.150301682068692,0.153121573839395,0.150301682068692
"KBS_2_young",398,"KBS","KBS_2","young",42.399933,"north temperate",3,2,0.43774432980871,0.186120631115335,0.0694298155340723,0.068185536691147,0.0507311787681772,0.0454570244607647
"Center Hill_3_young",399,"Center Hill","Center Hill_3","young",36.06935,"temperate",3,3,0.469167295311374,0.196714640290307,0.0869647939856445,0.0849084932268795,0.0869647939856445,0.0849084932268795
"Dalton_8_young",400,"Dalton","Dalton_8","young",34.670883,"temperate",3,3,0.497942297657932,0.206389627215147,0.164807757804809,0.151897823136263,0.164807757804809,0.151897823136263
"McPhee_8_young",401,"McPhee","McPhee_8","young",40.971333,"north temperate",3,2,0.565487206480866,0.229032622732255,0.172963316321716,0.170554568645926,0.139047638386915,0.113703045763951
"OCM_17_young",402,"OCM","OCM_17","young",32.34554,"temperate",3,3,0.584473524937315,0.235385384230367,0.162377981511855,0.161020446739128,0.162377981511855,0.161020446739128
"With_43_young",403,"With","With_43","young",28.60387,"subtropical",3,2,0.382417704708506,0.167363029039402,0.0628126454500067,0.0625952065988325,0.0455444116862256,0.041730137732555
"Bella_2_young",404,"Bella","Bella_2","young",8.79,"tropical",3,0,0,0,NA,NA,0,0
"HV_3_young",405,"HV","HV_3","young",37.1818,"temperate",3,2,0.393768210244118,0.171224870263844,0.0551693154505701,0.0463646336682165,0.0396379564870306,0.030909755778811
"Whitehall_16_young",406,"Whitehall","Whitehall_16","young",33.895767,"temperate",3,3,0.489153397839364,0.203436811772106,0.0494095356957162,0.04894354390899,0.0494095356957162,0.04894354390899
"Bella_3_young",407,"Bella","Bella_3","young",8.79,"tropical",3,0,0.227096481660709,0.113043395517382,NA,NA,0,0
"HV_10_young",408,"HV","HV_10","young",37.1818,"temperate",3,2,0.536770219266165,0.219415210225027,0.115350479959,0.10207409300492,0.0884115298761153,0.0680493953366131
"McPhee_7_young",409,"McPhee","McPhee_7","young",40.971333,"north temperate",3,3,0.413489682867708,0.177916837622281,0.04816805785148,0.0456739354496394,0.0481680578514801,0.0456739354496394
"MacArthur_15_young",410,"MacArthur","MacArthur_15","young",27.177583,"subtropical",3,1,0.163613315454888,0.0890814106544632,0.0200726110770286,0.0200726110770286,0.00710148063818365,0.00669087035900954
"TT_7_young",411,"TT","TT_7","young",30.673889,"temperate",3,2,0.47451082158652,0.198512977746808,0.116602449386371,0.103614416446344,0.089476075610755,0.0690762776308963
"KBS_8_young",412,"KBS","KBS_8","young",42.399933,"north temperate",3,3,0.595538933240425,0.239086050333775,0.187377661507803,0.164467551104917,0.187377661507803,0.164467551104917
"OCM_18_young",413,"OCM","OCM_18","young",32.34554,"temperate",3,3,0.548089708592444,0.22320755281886,0.182283211939906,0.181517129114577,0.182283211939906,0.181517129114577
"Caesar_7_young",414,"Caesar","Caesar_7","young",39.4887,"north temperate",3,2,0.536770219266165,0.219415210225027,0.142972247864834,0.140283900728839,0.112292304916502,0.0935226004858927
"Gav_23_young",415,"Gav","Gav_23","young",8.72883,"tropical",3,0,0,0,NA,NA,0,0
"Hwy 27_6_young",416,"Hwy 27","Hwy 27_6","young",26.537067,"subtropical",3,2,0.296673315762684,0.137829894289236,0.0281211808535735,0.027025417695412,0.0195147298492398,0.0180169451302747
"HV_5_young",417,"HV","HV_5","young",37.1818,"temperate",3,2,0.430232745407031,0.183582716183218,0.0794886432771961,0.076743797015859,0.0587406157660357,0.051162531343906
"TT_25_young",418,"TT","TT_25","young",30.673889,"temperate",3,1,0.36977437379057,0.163051132613121,0.0182020094699328,0.0182020094699328,0.0064044199384905,0.00606733648997759
"With_46_young",419,"With","With_46","young",28.60387,"subtropical",3,3,0.296673315762684,0.137829894289236,0.0202579507548838,0.0196835796804917,0.0202579507548838,0.0196835796804917
"With_42_young",420,"With","With_42","young",28.60387,"subtropical",3,1,0.26724423196339,0.127472568236169,0.0166825176033022,0.0166825176033022,0.00584360556879674,0.00556083920110072
"Bella_21_young",421,"Bella","Bella_21","young",8.79,"tropical",3,0,0.296673315762684,0.137829894289236,NA,NA,0,0
"Dalton_9_young",422,"Dalton","Dalton_9","young",34.670883,"temperate",3,2,0.457641434695102,0.192832704224115,0.143278676936911,0.134947416742525,0.112561600034051,0.0899649444950167
"Gav_22_young",423,"Gav","Gav_22","young",8.72883,"tropical",3,0,0.26724423196339,0.127472568236169,NA,NA,0,0
"Tiri_12_young",424,"Tiri","Tiri_12","young",10.41549,"tropical",3,0,0.26724423196339,0.127472568236169,NA,NA,0,0
"Hwy 27_1_young",425,"Hwy 27","Hwy 27_1","young",26.537067,"subtropical",3,0,0.163613315454888,0.0890814106544632,NA,NA,0,0
"Whitehall_3_young",426,"Whitehall","Whitehall_3","young",33.895767,"temperate",3,0,0.163613315454888,0.0890814106544632,NA,NA,0,0
"Gav_1_young",427,"Gav","Gav_1","young",8.72883,"tropical",3,0,0,0,NA,NA,0,0
"OCM_5_young",428,"OCM","OCM_5","young",32.34554,"temperate",3,3,0.550748148549654,0.224097926204981,0.149168512641555,0.148160922966223,0.149168512641555,0.148160922966223
"Bella_13_young",429,"Bella","Bella_13","young",8.79,"tropical",3,0,0,0,NA,NA,0,0
"McPhee_6_young",430,"McPhee","McPhee_6","young",40.971333,"north temperate",3,3,0.506086665828234,0.209124310293836,0.102577793352788,0.0795424225821758,0.102577793352788,0.0795424225821758
"TT_9_young",431,"TT","TT_9","young",30.673889,"temperate",3,2,0.555881498774322,0.225816922625443,0.178737510251481,0.174854940644842,0.144283938534654,0.116569960429894
"Gen Butler_7_young",432,"Gen Butler","Gen Butler_7","young",38.675517,"temperate",3,2,0.542574048830594,0.221359899118057,0.199047342258535,0.182400726430682,0.162892147682083,0.121600484287121
"Gen Butler_1_young",433,"Gen Butler","Gen Butler_1","young",38.675517,"temperate",3,2,0.580525832748107,0.234064832047678,0.204523150106658,0.203676277933265,0.167956061342815,0.135784185288843
"Hwy 27_2_young",434,"Hwy 27","Hwy 27_2","young",26.537067,"subtropical",3,2,0.319917441798336,0.145914776602903,0.015625681082194,0.0155329693082312,0.0106573396477585,0.0103553128721541
"Whitehall_17_young",435,"Whitehall","Whitehall_17","young",33.895767,"temperate",3,3,0.648876577123484,0.256909635419148,0.286679534932161,0.282474456823317,0.286679534932161,0.282474456823317
"Gen Butler_9_young",436,"Gen Butler","Gen Butler_9","young",38.675517,"temperate",3,2,0.43774432980871,0.186120631115335,0.071783952558455,0.0717516518041926,0.05259237992649,0.0478344345361284
"MacArthur_22_young",437,"MacArthur","MacArthur_22","young",27.177583,"subtropical",3,0,0,0,NA,NA,0,0
"Tiri_16_young",438,"Tiri","Tiri_16","young",10.41549,"tropical",3,0,0.163613315454888,0.0890814106544632,NA,NA,0,0
"Caesar_10_young",439,"Caesar","Caesar_10","young",39.4887,"north temperate",3,3,0.665958243617857,0.262613778727754,0.314417377255125,0.29953366236943,0.314417377255125,0.29953366236943
"OCM_16_young",440,"OCM","OCM_16","young",32.34554,"temperate",3,3,0.582517210228466,0.234730993348271,0.195023415411465,0.177711895895843,0.195023415411465,0.177711895895843
"MacArthur_16_young",441,"MacArthur","MacArthur_16","young",27.177583,"subtropical",3,3,0.36977437379057,0.163051132613121,0.0270811316580665,0.0254929592503408,0.0270811316580665,0.0254929592503408
"HV_13_young",442,"HV","HV_13","young",37.1818,"temperate",3,3,0.668717822168098,0.263535151681588,0.273331958075434,0.256900594506241,0.273331958075434,0.256900594506241
"KBS_5_young",443,"KBS","KBS_5","young",42.399933,"north temperate",3,3,0.393768210244118,0.171224870263844,0.0229413352251375,0.0229097111981196,0.0229413352251375,0.0229097111981196
"KBS_12_young",444,"KBS","KBS_12","young",42.399933,"north temperate",3,1,0.413489682867708,0.177916837622281,0.0670247192257731,0.0670247192257731,0.0270811316580665,0.0223415730752577
"MacArthur_21_young",445,"MacArthur","MacArthur_21","young",27.177583,"subtropical",3,0,0,0,NA,NA,0,0
"With_48_young",446,"With","With_48","young",28.60387,"subtropical",3,2,0.319917441798336,0.145914776602903,0.0402068300695592,0.0356257910377925,0.0283509867495801,0.0237505273585283
"Tiri_5_young",447,"Tiri","Tiri_5","young",10.41549,"tropical",3,0,0,0,NA,NA,0,0
"Caesar_9_young",448,"Caesar","Caesar_9","young",39.4887,"north temperate",3,2,0.524165368468156,0.215189791984817,0.229595144681242,0.214131995907135,0.19136558820558,0.14275466393809
"Hwy 27_8_young",449,"Hwy 27","Hwy 27_8","young",26.537067,"subtropical",3,0,0,0,NA,NA,0,0
"Caesar_5_young",450,"Caesar","Caesar_5","young",39.4887,"north temperate",3,3,0.655209552734861,0.2590246144662,0.300191010082219,0.284752621856847,0.300191010082219,0.284752621856847
"TT_10_young",451,"TT","TT_10","young",30.673889,"temperate",3,3,0.520777324279139,0.214053569576933,0.144223271805813,0.134941962711589,0.144223271805813,0.134941962711589
"Tiri_22_young",452,"Tiri","Tiri_22","young",10.41549,"tropical",3,1,0,0,0.0147534568037576,0.0147534568037576,0.00513858346281329,0.00491781893458587
"McPhee_2_young",453,"McPhee","McPhee_2","young",40.971333,"north temperate",3,3,0.633775288278664,0.251865393432476,0.198800071407376,0.190967390722875,0.198800071407376,0.190967390722875
"With_47_young",454,"With","With_47","young",28.60387,"subtropical",3,1,0,0,0.00435785701703126,0.00435785701703126,0.00147169186111341,0.00145261900567709
"Center Hill_2_young",455,"Center Hill","Center Hill_2","young",36.06935,"temperate",3,3,0.463553749190146,0.194824508312438,0.0743171653323223,0.070008378719826,0.0743171653323223,0.070008378719826
"Dalton_2_young",456,"Dalton","Dalton_2","young",34.670883,"temperate",3,2,0.550748148549654,0.224097926204981,0.227779192332114,0.22612625233469,0.189658614856818,0.150750834889794
"Center Hill_8_young",457,"Center Hill","Center Hill_8","young",36.06935,"temperate",3,3,0.632523989992737,0.251447359972296,0.20049514444694,0.187387403968346,0.20049514444694,0.187387403968346
"Dalton_6_young",458,"Dalton","Dalton_6","young",34.670883,"temperate",3,3,0.520777324279139,0.214053569576933,0.156631701545607,0.139418066312133,0.156631701545607,0.139418066312133
"TT_5_young",459,"TT","TT_5","young",30.673889,"temperate",3,2,0.52745315269484,0.216292192374495,0.178425712982221,0.174520505492954,0.144000543308048,0.116347003661969
"Hwy 27_3_young",460,"Hwy 27","Hwy 27_3","young",26.537067,"subtropical",3,2,0.319917441798336,0.145914776602903,0.0151419575880609,0.015052374913749,0.0103203326829682,0.010034916609166
"Center Hill_1_young",461,"Center Hill","Center Hill_1","young",36.06935,"temperate",3,2,0.506086665828234,0.209124310293836,0.153056206120757,0.152699959021088,0.1212004562467,0.101799972680725
"Gen Butler_2_young",462,"Gen Butler","Gen Butler_2","young",38.675517,"temperate",3,3,0.641000845442146,0.254279104596068,0.272397738407993,0.272365958233327,0.272397738407993,0.272365958233327
"Whitehall_2_young",463,"Whitehall","Whitehall_2","young",33.895767,"temperate",3,3,0.605601473130198,0.242450311883079,0.204881128485751,0.202087006528163,0.204881128485751,0.202087006528163
"HV_7_young",464,"HV","HV_7","young",37.1818,"temperate",3,3,0.616293829648244,0.246024185912046,0.211068540564941,0.20700677519666,0.211068540564941,0.20700677519666
"McPhee_1_young",465,"McPhee","McPhee_1","young",40.971333,"north temperate",3,1,0.355505398284191,0.158170273862173,0.0121945404399021,0.0121945404399021,0.00421531548226579,0.00406484681330071
"Whitehall_18_young",466,"Whitehall","Whitehall_18","young",33.895767,"temperate",3,1,0.355505398284191,0.158170273862173,0.051105921488026,0.051105921488026,0.019763022938286,0.0170353071626753
"MacArthur_5_young",467,"MacArthur","MacArthur_5","young",27.177583,"subtropical",3,2,0.26724423196339,0.127472568236169,0.0190476795141701,0.0189605104383111,0.0130540772728519,0.0126403402922074
"Gen Butler_3_young",468,"Gen Butler","Gen Butler_3","young",38.675517,"temperate",3,0,0.163613315454888,0.0890814106544632,NA,NA,0,0
"Center Hill_7_young",469,"Center Hill","Center Hill_7","young",36.06935,"temperate",3,2,0.422176287621986,0.180858016276865,0.0247937279238011,0.0240721194576289,0.0171278533141398,0.0160480796384193
"KBS_9_young",470,"KBS","KBS_9","young",42.399933,"north temperate",3,2,0.44478009669446,0.188495735493622,0.0661704835214383,0.0655445914018314,0.0481680578514801,0.0436963942678876
"OCM_10_young",471,"OCM","OCM_10","young",32.34554,"temperate",3,0,0,0,NA,NA,0,0
"Dalton_4_young",472,"Dalton","Dalton_4","young",34.670883,"temperate",3,2,0.422176287621986,0.180858016276865,0.0871001715364899,0.0843651023848181,0.0648973428339537,0.0562434015898788
"KBS_2_young",473,"KBS","KBS_2","young",42.399933,"north temperate",3,2,0.580525832748107,0.234064832047678,0.248731084779793,0.247256684064476,0.209449711516846,0.164837789376318
"Center Hill_3_young",474,"Center Hill","Center Hill_3","young",36.06935,"temperate",3,1,0.44478009669446,0.188495735493622,0.139639443307212,0.139639443307212,0.0676308915481661,0.0465464811024039
"Dalton_8_young",475,"Dalton","Dalton_8","young",34.670883,"temperate",3,1,0.404065926942778,0.174721789489385,0.129793150146302,0.129793150146302,0.0614576151062491,0.0432643833821007
"McPhee_8_young",476,"McPhee","McPhee_8","young",40.971333,"north temperate",3,2,0.489153397839364,0.203436811772106,0.0961576001667109,0.0932558723308519,0.0723261479722929,0.0621705815539012
"OCM_17_young",477,"OCM","OCM_17","young",32.34554,"temperate",3,2,0.47451082158652,0.198512977746808,0.0757873592445023,0.0732740365862931,0.0557762972331985,0.0488493577241954
"With_43_young",478,"With","With_43","young",28.60387,"subtropical",3,1,0.296673315762684,0.137829894289236,0.0162993754612004,0.0162993754612004,0.00570295857392674,0.00543312515373346
"Bella_2_young",479,"Bella","Bella_2","young",8.79,"tropical",3,0,0.163613315454888,0.0890814106544632,NA,NA,0,0
"HV_3_young",480,"HV","HV_3","young",37.1818,"temperate",3,2,0.430232745407031,0.183582716183218,0.0640057120759664,0.0638536798686146,0.0464746269061537,0.0425691199124098
"Whitehall_16_young",481,"Whitehall","Whitehall_16","young",33.895767,"temperate",3,1,0.227096481660709,0.113043395517382,0.0191412467711615,0.0191412467711615,0.0067534969177621,0.00638041559038715
"Bella_3_young",482,"Bella","Bella_3","young",8.79,"tropical",3,0,0.227096481660709,0.113043395517382,NA,NA,0,0
"HV_10_young",483,"HV","HV_10","young",37.1818,"temperate",3,3,0.513674610791531,0.211670883874422,0.0902349666248876,0.0791388056517503,0.0902349666248876,0.0791388056517503
"McPhee_7_young",484,"McPhee","McPhee_7","young",40.971333,"north temperate",3,3,0.502089087118207,0.207782202932048,0.11688738303645,0.116839366785088,0.11688738303645,0.116839366785088
"MacArthur_15_young",485,"MacArthur","MacArthur_15","young",27.177583,"subtropical",3,2,0.355505398284191,0.158170273862173,0.0446063429678473,0.0445389993904437,0.0316308403812758,0.0296926662602958
"TT_7_young",486,"TT","TT_7","young",30.673889,"temperate",3,2,0.47451082158652,0.198512977746808,0.121399357371394,0.108657532537814,0.0935713036930926,0.0724383550252096
"KBS_8_young",487,"KBS","KBS_8","young",42.399933,"north temperate",3,3,0.567764265157435,0.229794741115512,0.215127596872596,0.210924977252974,0.215127596872596,0.210924977252974
"OCM_18_young",488,"OCM","OCM_18","young",32.34554,"temperate",3,1,0.339130186552147,0.152547144898367,0.0959235341203632,0.0929980518614192,0.0721328103367514,0.0619987012409461
"Caesar_7_young",489,"Caesar","Caesar_7","young",39.4887,"north temperate",3,2,0.509945399749134,0.210419479774,0.149207200354728,0.149207200354728,0.0738227457438101,0.0497357334515761
"Gav_23_young",490,"Gav","Gav_23","young",8.72883,"tropical",3,0,0.163613315454888,0.0890814106544632,NA,NA,0,0
"Hwy 27_6_young",491,"Hwy 27","Hwy 27_6","young",26.537067,"subtropical",3,1,0.227096481660709,0.113043395517382,0.0125920761452226,0.0125920761452226,0.00435785701703126,0.0041973587150742
"HV_5_young",492,"HV","HV_5","young",37.1818,"temperate",3,2,0.393768210244118,0.171224870263844,0.0529149087773746,0.0527086873957622,0.037913648819979,0.0351391249305081
"TT_25_young",493,"TT","TT_25","young",30.673889,"temperate",3,2,0.382417704708506,0.167363029039402,0.0499778802142462,0.0495706540182562,0.0356796498375576,0.0330471026788374
"With_46_young",494,"With","With_46","young",28.60387,"subtropical",3,1,0.227096481660709,0.113043395517382,0.00813894019328808,0.00813894019328808,0.00277975144169866,0.00271298006442936
"With_42_young",495,"With","With_42","young",28.60387,"subtropical",3,1,0.163613315454888,0.0890814106544632,0.00896198922416162,0.00896198922416162,0.0030683518925526,0.00298732974138721
"Bella_21_young",496,"Bella","Bella_21","young",8.79,"tropical",3,0,0.296673315762684,0.137829894289236,NA,NA,0,0
"Dalton_9_young",497,"Dalton","Dalton_9","young",34.670883,"temperate",3,3,0.550748148549654,0.224097926204981,0.138750549677537,0.125502556640058,0.138750549677537,0.125502556640058
"Gav_22_young",498,"Gav","Gav_22","young",8.72883,"tropical",3,0,0.163613315454888,0.0890814106544632,NA,NA,0,0
"Tiri_12_young",499,"Tiri","Tiri_12","young",10.41549,"tropical",3,0,0.163613315454888,0.0890814106544632,NA,NA,0,0
"Hwy 27_1_young",500,"Hwy 27","Hwy 27_1","young",26.537067,"subtropical",3,1,0.227096481660709,0.113043395517382,0.0197010016633789,0.0197010016633789,0.00696241790274566,0.00656700055445964
"Whitehall_3_young",501,"Whitehall","Whitehall_3","young",33.895767,"temperate",3,3,0.413489682867708,0.177916837622281,0.0438601271939099,0.0432956029457399,0.0438601271939099,0.0432956029457399
"Gav_1_young",502,"Gav","Gav_1","young",8.72883,"tropical",3,1,0.26724423196339,0.127472568236169,0.00478438771782745,0.00478438771782745,0.00161779459236996,0.00159479590594248
"OCM_5_young",503,"OCM","OCM_5","young",32.34554,"temperate",3,3,0.479609116896732,0.200228025275574,0.0722101857654431,0.0706142173603709,0.0722101857654431,0.0706142173603709
"Bella_13_young",504,"Bella","Bella_13","young",8.79,"tropical",3,1,0.227096481660709,0.113043395517382,0.0228207588583279,0.0228207588583279,0.00813894019328808,0.00760691961944262
"McPhee_6_young",505,"McPhee","McPhee_6","young",40.971333,"north temperate",3,3,0.52745315269484,0.216292192374495,0.121573104257637,0.11460248393171,0.121573104257637,0.11460248393171
"TT_9_young",506,"TT","TT_9","young",30.673889,"temperate",3,3,0.567764265157435,0.229794741115512,0.154291664050908,0.154080465199138,0.154291664050908,0.154080465199138
"Gen Butler_7_young",507,"Gen Butler","Gen Butler_7","young",38.675517,"temperate",3,0,0.26724423196339,0.127472568236169,NA,NA,0,0
"Gen Butler_1_young",508,"Gen Butler","Gen Butler_1","young",38.675517,"temperate",3,2,0.44478009669446,0.188495735493622,0.0817475142327848,0.0772013782786857,0.060559310566192,0.0514675855191238
"Hwy 27_2_young",509,"Hwy 27","Hwy 27_2","young",26.537067,"subtropical",3,2,0.227096481660709,0.113043395517382,0.0402068300695592,0.039512815775012,0.0283509867495801,0.0263418771833413
"Whitehall_17_young",510,"Whitehall","Whitehall_17","young",33.895767,"temperate",3,2,0.484483705838161,0.201867157710066,0.0981504701808767,0.0969408983062198,0.0739751093070904,0.0646272655374799
"Gen Butler_9_young",511,"Gen Butler","Gen Butler_9","young",38.675517,"temperate",3,1,0.26724423196339,0.127472568236169,0.0462305874689089,0.0462305874689089,0.0176346323505356,0.0154101958229696
"MacArthur_22_young",512,"MacArthur","MacArthur_22","young",27.177583,"subtropical",3,1,0.227096481660709,0.113043395517382,0.0197010016633789,0.0197010016633789,0.00696241790274566,0.00656700055445964
"Tiri_16_young",513,"Tiri","Tiri_16","young",10.41549,"tropical",3,0,0.163613315454888,0.0890814106544632,NA,NA,0,0
"Caesar_10_young",514,"Caesar","Caesar_10","young",39.4887,"north temperate",3,3,0.542574048830594,0.221359899118057,0.158905749353741,0.14159164129483,0.158905749353741,0.14159164129483
"OCM_16_young",515,"OCM","OCM_16","young",32.34554,"temperate",3,3,0.319917441798336,0.145914776602903,0.00744837792623981,0.00739088239709004,0.00744837792623981,0.00739088239709003
"MacArthur_16_young",516,"MacArthur","MacArthur_16","young",27.177583,"subtropical",3,1,0.319917441798336,0.145914776602903,0.0443084577730409,0.0443084577730409,0.0168099386162473,0.014769485924347
"HV_13_young",517,"HV","HV_13","young",37.1818,"temperate",3,2,0.563162504762025,0.228254492023771,0.166152550682903,0.136443463678311,0.132904691690083,0.090962309118874
"KBS_5_young",518,"KBS","KBS_5","young",42.399933,"north temperate",3,2,0.43774432980871,0.186120631115335,0.112440497993604,0.108137856356867,0.0859441703570671,0.0720919042379113
"KBS_12_young",519,"KBS","KBS_12","young",42.399933,"north temperate",3,3,0.539710024733386,0.220400316830876,0.155613993707402,0.143018183338922,0.155613993707402,0.143018183338922
"MacArthur_21_young",520,"MacArthur","MacArthur_21","young",27.177583,"subtropical",3,0,0,0,NA,NA,0,0
"With_48_young",521,"With","With_48","young",28.60387,"subtropical",3,1,0.26724423196339,0.127472568236169,0.00457132703679725,0.00457132703679725,0.00154476724099905,0.00152377567893242
"Tiri_5_young",522,"Tiri","Tiri_5","young",10.41549,"tropical",3,0,0,0,NA,NA,0,0
"Caesar_9_young",523,"Caesar","Caesar_9","young",39.4887,"north temperate",3,3,0.545366100513414,0.222295246430588,0.110990524506457,0.10023638494385,0.110990524506457,0.10023638494385
"Hwy 27_8_young",524,"Hwy 27","Hwy 27_8","young",26.537067,"subtropical",3,1,0.227096481660709,0.113043395517382,0.0052092873220945,0.0052092873220945,0.00176370546181002,0.00173642910736483
"Caesar_5_young",525,"Caesar","Caesar_5","young",39.4887,"north temperate",3,3,0.530646440649215,0.217362726241895,0.14984361043732,0.117507901678136,0.14984361043732,0.117507901678136
"TT_10_young",526,"TT","TT_10","young",30.673889,"temperate",3,3,0.463553749190146,0.194824508312438,0.0698256517600282,0.0626099537979236,0.0698256517600282,0.0626099537979236
"Tiri_22_young",527,"Tiri","Tiri_22","young",10.41549,"tropical",3,1,0.319917441798336,0.145914776602903,0.0472519706004827,0.0472519706004827,0.0180761758085662,0.0157506568668276
"McPhee_2_young",528,"McPhee","McPhee_2","young",40.971333,"north temperate",3,3,0.563162504762025,0.228254492023771,0.16697146375146,0.152358171964699,0.16697146375146,0.152358171964699
"With_47_young",529,"With","With_47","young",28.60387,"subtropical",3,0,0,0,NA,NA,0,0
"Center Hill_2_young",530,"Center Hill","Center Hill_2","young",36.06935,"temperate",3,3,0.493634725458102,0.204942638730141,0.115821623185542,0.110873867064924,0.115821623185542,0.110873867064924
"Dalton_2_young",531,"Dalton","Dalton_2","young",34.670883,"temperate",3,3,0.591971519577117,0.23789311261995,0.225369296722358,0.221260166128681,0.225369296722358,0.221260166128681
"Center Hill_8_young",532,"Center Hill","Center Hill_8","young",36.06935,"temperate",3,2,0.430232745407031,0.183582716183218,0.0937944504551636,0.0933310142633468,0.0703774640171301,0.0622206761755645
"Dalton_6_young",533,"Dalton","Dalton_6","young",34.670883,"temperate",3,3,0.558361893346004,0.226647399151134,0.159082847113756,0.122883646943105,0.159082847113756,0.122883646943105
"TT_5_young",534,"TT","TT_5","young",30.673889,"temperate",3,3,0.457641434695102,0.192832704224115,0.0700624783742582,0.0681114909213481,0.0700624783742582,0.0681114909213481
"Hwy 27_3_young",535,"Hwy 27","Hwy 27_3","young",26.537067,"subtropical",3,0,0,0,NA,NA,0,0
"Center Hill_1_young",536,"Center Hill","Center Hill_1","young",36.06935,"temperate",3,3,0.52745315269484,0.216292192374495,0.118428833577367,0.117282347817575,0.118428833577367,0.117282347817575
"Gen Butler_2_young",537,"Gen Butler","Gen Butler_2","young",38.675517,"temperate",3,3,0.550748148549654,0.224097926204981,0.205348866962685,0.195171264118051,0.205348866962685,0.195171264118051
"Whitehall_2_young",538,"Whitehall","Whitehall_2","young",33.895767,"temperate",3,3,0.479609116896732,0.200228025275574,0.0805879593207236,0.0746305807291108,0.0805879593207236,0.0746305807291108
"HV_7_young",539,"HV","HV_7","young",37.1818,"temperate",3,3,0.574328163146538,0.231991291187129,0.202296756969164,0.196260942082999,0.202296756969164,0.196260942082999
"McPhee_1_young",540,"McPhee","McPhee_1","young",40.971333,"north temperate",3,1,0.355505398284191,0.158170273862173,0.00896198922416162,0.00896198922416162,0.0030683518925526,0.00298732974138721
"Whitehall_18_young",541,"Whitehall","Whitehall_18","young",33.895767,"temperate",3,2,0.43774432980871,0.186120631115335,0.0943186728396356,0.0933000662734387,0.0708091164131722,0.0622000441822924
"MacArthur_5_young",542,"MacArthur","MacArthur_5","young",27.177583,"subtropical",3,2,0.227096481660709,0.113043395517382,0.0139723561450623,0.0134661516811036,0.0095073209255163,0.00897743445406907
"Gen Butler_3_young",543,"Gen Butler","Gen Butler_3","young",38.675517,"temperate",3,2,0.355505398284191,0.158170273862173,0.0202579507548838,0.0189361781306538,0.0139070158837784,0.0126241187537692
"Center Hill_7_young",544,"Center Hill","Center Hill_7","young",36.06935,"temperate",3,3,0.457641434695102,0.192832704224115,0.0595670478833621,0.0586429822236519,0.0595670478833621,0.0586429822236519
"KBS_9_young",545,"KBS","KBS_9","young",42.399933,"north temperate",3,2,0.382417704708506,0.167363029039402,0.0162993754612004,0.0156792900982676,0.0111274387338821,0.0104528600655117
"OCM_10_young",546,"OCM","OCM_10","young",32.34554,"temperate",3,2,0.355505398284191,0.158170273862173,0.0660479119578653,0.0644617657545454,0.0480719825224407,0.0429745105030303
"Dalton_4_young",547,"Dalton","Dalton_4","young",34.670883,"temperate",3,1,0.413489682867708,0.177916837622281,0.127418592283906,0.127418592283906,0.0599995556739745,0.0424728640946354
"KBS_2_young",548,"KBS","KBS_2","young",42.399933,"north temperate",3,3,0.484483705838161,0.201867157710066,0.0960328263061972,0.0902622289301801,0.0960328263061972,0.0902622289301801
"Center Hill_3_young",549,"Center Hill","Center Hill_3","young",36.06935,"temperate",3,3,0.463553749190146,0.194824508312438,0.0809102802558607,0.0788063734832916,0.0809102802558607,0.0788063734832916
"Dalton_8_young",550,"Dalton","Dalton_8","young",34.670883,"temperate",3,1,0.296673315762684,0.137829894289236,0.0635676502425432,0.0635676502425432,0.0254436751225668,0.0211892167475144
"McPhee_8_young",551,"McPhee","McPhee_8","young",40.971333,"north temperate",3,3,0.463553749190146,0.194824508312438,0.0593501610077208,0.057762234307129,0.0593501610077208,0.057762234307129
"OCM_17_young",552,"OCM","OCM_17","young",32.34554,"temperate",3,3,0.404065926942778,0.174721789489385,0.0376500398917978,0.0371460751392873,0.0376500398917978,0.0371460751392873
"With_43_young",553,"With","With_43","young",28.60387,"subtropical",3,0,0.227096481660709,0.113043395517382,NA,NA,0,0
"Bella_2_young",554,"Bella","Bella_2","young",8.79,"tropical",3,0,0.296673315762684,0.137829894289236,NA,NA,0,0
"HV_3_young",555,"HV","HV_3","young",37.1818,"temperate",3,0,0.404065926942778,0.174721789489385,NA,NA,0,0
"Whitehall_16_young",556,"Whitehall","Whitehall_16","young",33.895767,"temperate",3,1,0.163613315454888,0.0890814106544632,0.00241794353127919,0.00241794353127919,0.000811841686937579,0.000805981177093063
"Bella_3_young",557,"Bella","Bella_3","young",8.79,"tropical",3,1,NA,NA,0.0172547649340039,0.0172547649340039,0.00605424280934109,0.00575158831133464
"HV_10_young",558,"HV","HV_10","young",37.1818,"temperate",3,1,0.404065926942778,0.174721789489385,0.0966242581861916,0.0966242581861916,0.0422005957030652,0.0322080860620639
"McPhee_7_young",559,"McPhee","McPhee_7","young",40.971333,"north temperate",3,1,0.382417704708506,0.167363029039402,0.0780118802146019,0.0780118802146019,0.0324635530805148,0.026003960071534
"MacArthur_15_young",560,"MacArthur","MacArthur_15","young",27.177583,"subtropical",3,2,0.227096481660709,0.113043395517382,0.0030683518925526,0.0030683518925526,0.00205495362624048,0.0020455679283684
"TT_7_young",561,"TT","TT_7","young",30.673889,"temperate",3,2,0.469167295311374,0.196714640290307,0.106679579046021,0.106671240051276,0.0810889442453312,0.0711141600341839
"KBS_8_young",562,"KBS","KBS_8","young",42.399933,"north temperate",3,2,0.451396752665226,0.190727665002989,0.0825432524949733,0.0814904287575758,0.0612016968869055,0.0543269525050505
"OCM_18_young",563,"OCM","OCM_18","young",32.34554,"temperate",3,2,0.463553749190146,0.194824508312438,0.137306902979483,0.134163993736707,0.107329932233856,0.089442662491138
"Caesar_7_young",564,"Caesar","Caesar_7","young",39.4887,"north temperate",3,3,0.513674610791531,0.211670883874422,0.12494406698046,0.104473593575289,0.12494406698046,0.104473593575289
"Gav_23_young",565,"Gav","Gav_23","young",8.72883,"tropical",3,0,0,0,NA,NA,0,0
"Hwy 27_6_young",566,"Hwy 27","Hwy 27_6","young",26.537067,"subtropical",3,1,0.296673315762684,0.137829894289236,0.0426556589102582,0.0426556589102582,0.0161073078055762,0.0142185529700861
"HV_5_young",567,"HV","HV_5","young",37.1818,"temperate",3,2,0.533750512866844,0.218403184244954,0.209134374683347,0.173661334939559,0.172234716261032,0.115774223293039
"TT_25_young",568,"TT","TT_25","young",30.673889,"temperate",3,3,0.545366100513414,0.222295246430588,0.144122086923936,0.143655644628431,0.144122086923936,0.143655644628431
"With_46_young",569,"With","With_46","young",28.60387,"subtropical",3,0,0,0,NA,NA,0,0
"With_42_young",570,"With","With_42","young",28.60387,"subtropical",3,2,0.227096481660709,0.113043395517382,0.013579736969361,0.0135351667509477,0.00923498963450073,0.00902344450063179
"Bella_21_young",571,"Bella","Bella_21","young",8.79,"tropical",3,0,0.26724423196339,0.127472568236169,NA,NA,0,0
"Dalton_9_young",572,"Dalton","Dalton_9","young",34.670883,"temperate",3,0,0.163613315454888,0.0890814106544632,NA,NA,0,0
"Gav_22_young",573,"Gav","Gav_22","young",8.72883,"tropical",3,0,0,0,NA,NA,0,0
"Tiri_12_young",574,"Tiri","Tiri_12","young",10.41549,"tropical",3,2,0.44478009669446,0.188495735493622,0.0484797301767699,0.0474164309190829,0.0345455776189987,0.0316109539460553
"Hwy 27_1_young",575,"Hwy 27","Hwy 27_1","young",26.537067,"subtropical",3,3,0.227096481660709,0.113043395517382,0.0191412467711615,0.0179850419215452,0.0191412467711615,0.0179850419215452
"Whitehall_3_young",576,"Whitehall","Whitehall_3","young",33.895767,"temperate",3,1,0.506086665828234,0.209124310293836,0.239754500898979,0.239754500898979,0.140792819920397,0.0799181669663264
"Gav_1_young",577,"Gav","Gav_1","young",8.72883,"tropical",3,2,0.163613315454888,0.0890814106544632,0.0187665040513127,0.0183845877783457,0.0128563119679967,0.0122563918522304
"OCM_5_young",578,"OCM","OCM_5","young",32.34554,"temperate",3,3,0.569995594456051,0.230541492909219,0.156595514894543,0.140435815293815,0.156595514894543,0.140435815293815
"Bella_13_young",579,"Bella","Bella_13","young",8.79,"tropical",3,0,0,0,NA,NA,0,0
"McPhee_6_young",580,"McPhee","McPhee_6","young",40.971333,"north temperate",3,3,0.588285757674223,0.236660468740289,0.186992908327016,0.18484666847074,0.186992908327016,0.18484666847074
"TT_9_young",581,"TT","TT_9","young",30.673889,"temperate",3,3,0.524165368468156,0.215189791984817,0.127206615537048,0.113006681741898,0.127206615537048,0.113006681741898
"Gen Butler_7_young",582,"Gen Butler","Gen Butler_7","young",38.675517,"temperate",3,2,0.524165368468156,0.215189791984817,0.148040668788259,0.1445752510095,0.11675795831464,0.0963835006729999
"Gen Butler_1_young",583,"Gen Butler","Gen Butler_1","young",38.675517,"temperate",3,1,NA,NA,0.180983145105992,0.180983145105992,0.0956889739506883,0.0603277150353305
"Hwy 27_2_young",584,"Hwy 27","Hwy 27_2","young",26.537067,"subtropical",3,0,0,0,NA,NA,0,0
"Whitehall_17_young",585,"Whitehall","Whitehall_17","young",33.895767,"temperate",3,1,0.355505398284191,0.158170273862173,0.0981045280214001,0.0981045280214001,0.0430083129255351,0.0327015093404667
"Gen Butler_9_young",586,"Gen Butler","Gen Butler_9","young",38.675517,"temperate",3,3,0.506086665828234,0.209124310293836,0.110826724312991,0.110685407273752,0.110826724312991,0.110685407273752
"MacArthur_22_young",587,"MacArthur","MacArthur_22","young",27.177583,"subtropical",3,3,0.163613315454888,0.0890814106544632,0.00506783458356136,0.00503648961212047,0.00506783458356136,0.00503648961212047
"Tiri_16_young",588,"Tiri","Tiri_16","young",10.41549,"tropical",3,0,0.227096481660709,0.113043395517382,NA,NA,0,0
"Caesar_10_young",589,"Caesar","Caesar_10","young",39.4887,"north temperate",3,0,0.163613315454888,0.0890814106544632,NA,NA,0,0
"OCM_16_young",590,"OCM","OCM_16","young",32.34554,"temperate",3,0,0.355505398284191,0.158170273862173,NA,NA,0,0
"MacArthur_16_young",591,"MacArthur","MacArthur_16","young",27.177583,"subtropical",3,1,0.163613315454888,0.0890814106544632,0.0119952379450103,0.0119952379450103,0.00414397608263299,0.00399841264833675
"HV_13_young",592,"HV","HV_13","young",37.1818,"temperate",3,3,0.626046968933312,0.249283345997645,0.19328111825679,0.179694306855609,0.19328111825679,0.179694306855609
"KBS_5_young",593,"KBS","KBS_5","young",42.399933,"north temperate",3,2,0.536770219266165,0.219415210225027,0.17898188148309,0.178929982599882,0.144506100241353,0.119286655066588
"KBS_12_young",594,"KBS","KBS_12","young",42.399933,"north temperate",3,0,0,0,NA,NA,0,0
"MacArthur_21_young",595,"MacArthur","MacArthur_21","young",27.177583,"subtropical",3,0,0,0,NA,NA,0,0
"With_48_young",596,"With","With_48","young",28.60387,"subtropical",3,3,0.319917441798336,0.145914776602903,0.0233022812202299,0.0204693831425498,0.0233022812202299,0.0204693831425498
"Tiri_5_young",597,"Tiri","Tiri_5","young",10.41549,"tropical",3,0,0,0,NA,NA,0,0
"Caesar_9_young",598,"Caesar","Caesar_9","young",39.4887,"north temperate",3,1,0.533750512866844,0.218403184244954,0.258781362556544,0.258781362556544,0.156486884175988,0.0862604541855146
"Hwy 27_8_young",599,"Hwy 27","Hwy 27_8","young",26.537067,"subtropical",3,0,0,0,NA,NA,0,0
"Caesar_5_young",600,"Caesar","Caesar_5","young",39.4887,"north temperate",3,3,0.627372930881507,0.249726382277665,0.260627175828277,0.259117328921387,0.260627175828277,0.259117328921387
"TT_10_young",601,"TT","TT_10","young",30.673889,"temperate",3,3,0.588285757674223,0.236660468740289,0.165894877521269,0.163194825962552,0.165894877521269,0.163194825962552
"Tiri_22_young",602,"Tiri","Tiri_22","young",10.41549,"tropical",3,0,0.227096481660709,0.113043395517382,NA,NA,0,0
"McPhee_2_young",603,"McPhee","McPhee_2","young",40.971333,"north temperate",3,0,0.163613315454888,0.0890814106544632,NA,NA,0,0
"With_47_young",604,"With","With_47","young",28.60387,"subtropical",3,1,0.227096481660709,0.113043395517382,0.0672675851391043,0.0672675851391043,0.0271971746045005,0.0224225283797014
"Center Hill_2_young",605,"Center Hill","Center Hill_2","young",36.06935,"temperate",3,3,0.576432698800458,0.232695449283213,0.15639627737727,0.155623225239886,0.15639627737727,0.155623225239886
"Dalton_2_young",606,"Dalton","Dalton_2","young",34.670883,"temperate",3,3,0.545366100513414,0.222295246430588,0.124147221955585,0.122739953748037,0.124147221955585,0.122739953748037
"Center Hill_8_young",607,"Center Hill","Center Hill_8","young",36.06935,"temperate",3,2,0.524165368468156,0.215189791984817,0.107695846293362,0.0942539712198844,0.0819425549311108,0.0628359808132562
"Dalton_6_young",608,"Dalton","Dalton_6","young",34.670883,"temperate",3,3,0.588285757674223,0.236660468740289,0.164975700870505,0.164678646244541,0.164975700870505,0.164678646244541
"TT_5_young",609,"TT","TT_5","young",30.673889,"temperate",3,3,0.555881498774322,0.225816922625443,0.153587371080261,0.130264967060565,0.153587371080261,0.130264967060565
"Hwy 27_3_young",610,"Hwy 27","Hwy 27_3","young",26.537067,"subtropical",3,1,0.163613315454888,0.0890814106544632,0.00834527472075616,0.00834527472075616,0.00285197186095309,0.00278175824025205
"Center Hill_1_young",611,"Center Hill","Center Hill_1","young",36.06935,"temperate",3,3,0.580525832748107,0.234064832047678,0.181331319652111,0.181264746403179,0.181331319652111,0.181264746403179
"Gen Butler_2_young",612,"Gen Butler","Gen Butler_2","young",38.675517,"temperate",3,2,0.43774432980871,0.186120631115335,0.0954539175670417,0.0954516750962046,0.0717451228844232,0.0636344500641364
"Whitehall_2_young",613,"Whitehall","Whitehall_2","young",33.895767,"temperate",3,3,0.484483705838161,0.201867157710066,0.0830004281500729,0.0720354994421504,0.0830004281500729,0.0720354994421504
"HV_7_young",614,"HV","HV_7","young",37.1818,"temperate",3,1,0.36977437379057,0.163051132613121,0.056313066929828,0.056313066929828,0.0220945398605739,0.0187710223099427
"McPhee_1_young",615,"McPhee","McPhee_1","young",40.971333,"north temperate",3,3,0.555881498774322,0.225816922625443,0.103602945975951,0.100134938213646,0.103602945975951,0.100134938213646
