date,cupID,rep,mass_mg
4/4/17,1,D,0.638
4/4/17,1,E,1.844
4/4/17,1,A,5.862
4/4/17,1,B,8.932
4/4/17,1,C,10.048
4/4/17,2,B,0.358
4/4/17,2,A,2.666
4/4/17,2,C,3.202
4/4/17,3,C,3.316
4/4/17,3,E,4.160
4/4/17,3,A,5.110
4/4/17,3,D,5.966
4/4/17,3,B,6.660
4/4/17,4,C,0.306
5/3/17,4,A,0.402
4/4/17,4,B,1.038
4/4/17,4,A,3.536
4/4/17,4,A,6.854
4/4/17,5,C,2.002
4/4/17,5,A,2.836
4/4/17,5,D,5.462
4/4/17,5,B,6.804
4/4/17,6,C,0.152
4/4/17,6,B,2.766
4/4/17,6,A,6.476
4/4/17,7,D,0.054
4/4/17,7,A,0.618
4/4/17,7,B,0.660
4/4/17,7,C,2.094
4/4/17,7,E,5.228
4/4/17,8,A,5.856
4/4/17,8,D,5.892
4/4/17,8,C,6.906
4/4/17,8,B,7.708
4/4/17,8,E,9.402
4/4/17,9,B,0.600
4/4/17,9,C,2.098
4/4/17,9,A,3.484
4/4/17,10,A,7.302
4/4/17,10,C,8.104
4/4/17,10,E,9.004
4/4/17,10,B,11.666
4/4/17,10,D,22.214
4/4/17,11,E,1.380
4/4/17,11,D,5.470
4/4/17,11,B,7.024
4/4/17,11,A,19.522
4/4/17,11,C,22.102
4/4/17,12,B,2.436
4/4/17,12,A,3.952
4/4/17,12,C,4.900
4/4/17,13,C,0.196
4/4/17,13,B,0.526
4/4/17,13,A,0.690
4/4/17,14,E,3.646
4/4/17,14,B,4.724
4/4/17,14,C,5.888
4/4/17,14,D,6.608
4/4/17,14,A,6.662
4/4/17,15,B,6.392
4/4/17,15,A,17.648
4/4/17,16,C,2.966
4/4/17,16,B,3.200
4/4/17,16,A,3.294
4/4/17,16,D,4.448
4/4/17,16,E,5.530
4/4/17,17,A,1.874
4/4/17,17,B,2.078
4/4/17,17,C,2.348
4/4/17,17,E,4.618
4/4/17,17,D,5.550
4/4/17,18,B,5.566
4/4/17,18,A,7.874
4/4/17,18,C,8.444
4/4/17,18,D,9.026
4/4/17,19,B,0.408
4/4/17,19,A,2.228
4/4/17,19,C,3.322
4/4/17,19,D,4.014
4/4/17,20,D,0.356
4/4/17,20,B,1.842
4/4/17,20,E,3.150
4/4/17,20,C,3.916
4/4/17,20,A,4.678
4/4/17,21,D,1.518
4/4/17,21,A,3.056
4/4/17,21,B,6.228
4/4/17,21,E,7.550
4/4/17,21,C,8.734
4/4/17,22,B,0.782
4/4/17,22,A,1.668
4/4/17,22,E,5.834
4/4/17,22,C,7.664
4/4/17,22,D,12.130
5/3/17,23,B,0.696
5/3/17,23,A,1.788
5/3/17,23,C,2.244
5/3/17,23,D,2.324
5/3/17,23,E,7.1
5/3/17,24,B,6.682
5/3/17,24,C,8.998
5/3/17,24,A,20.136
5/3/17,24,D,27.018
5/3/17,25,A,0.024
5/3/17,25,B,1.084
5/3/17,25,C,2.384
5/3/17,25,D,4.992
5/3/17,25,E,5.804
5/3/17,26,C,0.598
5/3/17,26,A,0.696
5/3/17,26,B,0.802
5/12,27,A,9.418
5/12,27,B,9.646
5/12,27,C,24.864
5/12,28,D,2.482
5/12,28,B,2.884
5/12,28,C,3.136
5/12,28,A,9.24
5/12,29,A,0.226
5/12,29,B,0.728
5/12,29,C,1.434
5/12,30,A,0.238
5/12,30,C,0.89
5/12,30,B,0.952
5/12,31,B,0.372
5/12,31,A,0.842
5/12,31,C,1.324
5/12,32,C,0.478
5/12,32,B,0.546
5/12,32,A,6.572
5/12,33,A,0.048
5/12,33,C,5.028
5/12,33,B,5.688
5/12,34,C,2.794
5/12,34,A,4.128
5/12,34,B,5.838
5/12,34,D,7.288
5/12,35,C,0.734
5/12,35,A,4.948
5/12,35,B,5.940
5/12,36,A,0.256
5/12,36,C,1.094
5/12,36,B,3.182
5/12,37,A,2.612
5/12,37,B,14.584
5/12,37,C,15.932
5/12,38,D,0.704
5/12,38,B,4.320
5/12,38,A,10.006
5/12,38,C,16.908
5/12,39,A,5.054
5/12,39,E,6.650
5/12,39,C,14.760
5/12,39,D,29.864
5/12,39,B,32.184
5/12,40,C,7.516
5/12,40,E,8.428
5/12,40,D,13.660
5/12,40,A,25.068
5/12,40,B,37.766
5/12,41,A,6.394
5/12,41,C,16.464
5/12,41,B,16.590
5/12,41,D,22.516
5/12,42,E,12.674
5/12,42,C,14.480
5/12,42,A,16.050
5/12,42,B,16.856
5/12,42,D,16.930
5/12,43,C,4.286
5/12,43,D,5.290
5/12,43,B,5.534
5/12,43,A,7.448
5/12,44,C,4.848
5/12,44,A,4.874
5/12,44,D,6.848
5/12,44,B,6.904
5/12,45,C,1.008
5/12,45,D,2.048
5/12,45,A,2.554
5/12,45,B,6.302
5/12,45,E,19.576
5/12,46,C,11.048
5/12,46,B,12.134
5/12,46,A,14.440
5/12,47,E,0.200
5/12,47,D,0.556
5/12,47,B,0.696
5/12,47,A,1.678
5/12,47,C,3.598
5/12,48,B,1.446
5/12,48,C,2.478
5/12,48,A,3.648
5/12,49,B,8.436
5/12,49,E,14.972
5/12,49,C,16.784
5/12,49,D,17.432
5/12,49,A,18.006
5/12,50,E,3.616
5/12,50,C,6.342
5/12,50,D,12.638
5/12,50,A,12.894
5/12,50,B,15.11
5/12,51,B,0.804
5/12,51,A,1.754
5/12,51,D,4.27
5/12,51,C,7.702
5/12,51,E,9.604
5/12,52,C,10.982
5/12,52,A,15.75
5/12,52,B,23.13
5/12,53,E,0.434
5/12,53,B,1.546
5/12,53,C,1.738
5/12,53,D,2.13
5/12,53,A,7.796
5/12,54,B,1.608
5/8,54,A,1.812
5/12,54,A,2.648
5/8,55,D,1.954
5/8,55,B,1.962
5/8,55,C,2.024
5/8,55,A,2.812
5/8,55,E,3.806
5/8,56,C,0.196
5/8,56,B,3.660
5/8,56,A,NA
5/8,57,A,0.564
5/8,57,C,4.526
5/8,57,B,5.898
5/8,58,D,1.222
5/8,58,A,1.640
5/8,58,E,3.938
5/8,58,C,3.986
5/8,58,B,7.886
5/8,59,C,1.516
5/8,59,A,2.272
5/8,59,B,6.740
5/8,60,A,1.234
5/8,61,A,0.458
5/8,61,B,1.048
5/8,61,C,4.954
5/8,62,B,10.012
5/8,62,C,14.972
5/8,62,D,16.636
5/8,62,A,35.106
5/8,63,B,5.312
5/8,63,A,9.674
5/8,63,C,14.634
5/8,64,A,3.942
5/8,64,B,4.340
5/8,64,D,4.820
5/8,64,C,17.286
5/8,65,B,7.862
5/8,65,C,18.410
5/8,65,A,40.948
5/12,66,C,2.568
5/12,66,D,4.364
5/12,66,A,4.532
5/12,66,B,5.430
5/12,67,D,0.810
5/12,67,C,1.632
5/12,67,B,1.702
5/12,67,E,3.188
5/12,67,A,3.570
5/12,68,E,3.916
5/12,68,C,7.968
5/12,68,A,8.460
5/12,68,B,9.262
5/12,68,D,13.478
5/8,69,D,6.254
5/8,69,A,7.969
5/8,69,B,12.330
5/8,69,C,13.309
5/8,69,E,15.896
5/8,70,E,2.028
5/8,70,A,4.656
5/8,70,B,8.092
5/8,70,D,8.810
5/8,70,C,10.578
5/8,71,B,6.436
5/8,71,A,6.492
5/8,71,D,11.914
5/8,71,C,15.868
5/8,72,B,0.638
5/8,72,C,3.000
5/8,72,D,3.326
5/8,72,A,5.688
5/8,73,C,5.174
5/8,73,B,5.514
5/8,73,A,6.729
5/8,73,D,6.999
5/8,74,B,3.378
5/8,74,A,5.828
5/8,74,D,6.290
5/8,74,C,8.294
5/8,75,B,6.408
5/8,75,A,8.152
5/8,75,E,8.616
5/8,75,C,11.718
5/8,75,D,21.366
5/8,76,B,2.744
5/8,76,A,2.802
5/8,76,C,3.392
5/3/17,77,C,19.720
5/3/17,77,A,21.470
5/3/17,77,E,22.006
5/3/17,77,D,26.350
5/3/17,77,B,34.368
5/3/17,78,C,0.602
5/3/17,78,B,0.664
5/3/17,78,A,2.868
5/3/17,79,D,0.240
5/3/17,79,A,0.494
5/3/17,79,C,0.978
5/3/17,79,B,1.900
5/3/17,80,A,0.078
5/3/17,80,D,1.526
5/3/17,80,C,1.532
5/3/17,80,B,2.676
5/3/17,81,C,1.194
5/3/17,81,B,1.340
5/3/17,81,D,1.708
5/3/17,81,E,3.518
5/3/17,81,A,6.542
5/3/17,82,A,0.226
4/30/17,82,A,0.710
5/3/17,82,B,3.202
4/30/17,83,E,0.184
4/30/17,83,D,6.558
4/30/17,83,C,6.580
4/30/17,83,B,10.348
4/30/17,83,A,23.388
4/30/17,84,B,0.078
4/30/17,84,C,0.602
4/30/17,84,A,1.100
4/30/17,84,D,1.212
4/30/17,84,E,NA
4/30/17,85,B,1.574
4/30/17,85,E,3.330
4/30/17,85,A,4.868
4/30/17,85,D,6.116
4/30/17,85,C,8.956
4/30/17,86,E,9.138
4/30/17,86,C,9.408
4/30/17,86,B,19.580
4/30/17,86,D,24.742
4/30/17,86,A,34.712
4/30/17,87,E,1.920
4/30/17,87,B,2.148
4/30/17,87,D,3.740
4/30/17,87,A,4.492
4/30/17,87,C,6.240
4/30/17,88,D,2.508
4/30/17,88,C,14.164
4/30/17,88,B,15.656
4/30/17,88,A,16.230
4/30/17,89,D,0.528
4/30/17,89,A,2.738
4/30/17,89,B,2.760
4/30/17,89,C,5.570
4/30/17,90,B,1.626
4/30/17,90,A,2.168
4/30/17,90,D,2.388
4/30/17,90,C,3.020
4/30/17,91,D,3.398
4/30/17,91,C,6.582
4/30/17,91,A,8.190
4/30/17,91,B,10.200
4/30/17,92,D,2.580
4/30/17,92,C,3.044
4/30/17,92,B,5.304
4/30/17,92,A,10.174
4/30/17,93,A,10.018
4/30/17,93,D,11.886
4/30/17,93,E,16.788
4/30/17,93,B,28.841
4/30/17,93,C,43.788
4/30/17,94,A,0.712
4/30/17,94,D,1.412
4/30/17,94,B,1.430
4/30/17,94,C,1.846
4/30/17,95,D,0.274
4/30/17,95,C,0.366
4/30/17,95,A,1.138
4/30/17,95,B,6.030
4/30/17,96,D,0.566
4/30/17,96,A,0.690
4/30/17,96,B,2.798
4/30/17,96,C,5.080
4/30/17,97,A,0.694
4/30/17,98,A,0.154
4/30/17,98,B,1.408
4/30/17,98,C,NA
4/30/17,99,A,0.560
4/30/17,99,D,1.028
4/30/17,99,C,1.038
4/30/17,99,B,1.218
4/30/17,100,C,0.644
4/30/17,100,B,0.988
4/30/17,100,A,1.162
4/30/17,100,D,1.184
4/30/17,100,E,5.528
4/30/17,101,B,1.242
4/30/17,101,E,2.180
4/30/17,101,A,3.386
4/30/17,101,D,7.052
4/30/17,101,C,9.580
5/6/17,102,B,3.822
5/6/17,102,D,6.440
5/6/17,102,C,6.492
5/6/17,102,A,7.650
5/6/17,103,A,0.814
5/6/17,103,B,3.610
5/6/17,103,D,5.738
5/6/17,103,C,5.812
5/6/17,103,E,8.488
5/6/17,104,C,0.218
5/6/17,104,B,2.204
5/6/17,104,A,3.462
4/27/17,105,A,5.530
4/27/17,105,C,6.924
4/27/17,105,B,7.662
4/27/17,105,D,10.384
4/27/17,106,C,2.244
4/27/17,106,A,4.838
4/27/17,106,E,9.390
4/27/17,106,D,9.900
4/27/17,106,B,15.344
4/27/17,107,A,0.866
4/27/17,107,B,1.804
4/27/17,107,D,2.006
4/27/17,107,C,3.382
4/27/17,108,C,1.024
4/27/17,108,B,1.622
4/27/17,108,E,3.164
4/27/17,108,A,4.264
4/27/17,108,D,5.470
4/27/17,109,A,0.430
4/27/17,109,B,1.146
4/27/17,109,C,1.760
4/27/17,109,D,2.776
4/27/17,110,B,1.520
4/27/17,110,C,2.288
4/27/17,110,A,3.688
4/27/17,111,B,3.418
4/27/17,111,D,4.226
4/27/17,111,E,5.120
4/27/17,111,C,5.550
4/27/17,111,A,7.578
4/27/17,112,D,2.442
4/27/17,112,A,4.138
4/27/17,112,B,4.940
4/27/17,112,C,9.088
4/27/17,113,B,2.748
4/27/17,113,C,3.314
4/27/17,113,A,4.848
4/27/17,113,D,7.438
4/27/17,114,B,5.240
4/27/17,114,C,5.522
4/27/17,114,D,6.584
4/27/17,114,E,7.746
4/27/17,114,A,8.696
4/27/17,115,D,3.424
4/27/17,115,A,6.072
4/27/17,115,E,7.190
4/27/17,115,B,8.442
4/27/17,115,C,8.834
4/27/17,116,B,1.726
4/27/17,116,C,4.116
4/27/17,116,D,6.184
4/27/17,116,A,6.630
4/27/17,117,B,3.390
4/27/17,117,C,5.942
4/27/17,117,A,8.004
4/27/17,117,E,11.036
4/27/17,117,D,12.418
4/27/17,118,B,6.358
4/27/17,118,C,14.348
4/27/17,118,E,16.858
4/27/17,118,D,25.380
4/27/17,118,A,30.584
4/27/17,119,B,0.990
4/27/17,119,A,3.806
4/27/17,119,C,3.966
4/27/17,119,E,6.684
4/27/17,119,D,11.016
4/27/17,120,D,1.956
4/27/17,120,A,2.332
4/27/17,120,B,3.938
4/27/17,120,E,5.494
4/27/17,120,C,5.858
4/30/17,122,D,1.436
4/30/17,122,A,2.344
4/30/17,122,B,3.228
4/30/17,122,C,4.312
4/30/17,123,D,1.502
4/30/17,123,C,5.746
4/30/17,123,A,7.524
4/30/17,123,B,12.762
4/30/17,124,C,3.098
4/30/17,124,D,6.222
4/30/17,124,A,8.270
4/30/17,124,B,9.750
4/30/17,124,E,11.032
4/30/17,125,B,2.144
4/30/17,125,C,2.184
4/30/17,125,D,2.432
4/30/17,125,E,2.588
4/30/17,125,A,5.080
4/30/17,126,C,6.476
4/30/17,126,A,8.254
4/30/17,126,B,11.432
4/30/17,127,A,0.336
4/30/17,127,C,3.874
4/30/17,127,B,4.168
4/30/17,127,D,12.504
4/30/17,128,B,3.754
4/30/17,128,C,6.322
4/30/17,128,D,7.040
4/30/17,128,A,10.174
4/30/17,129,B,2.812
4/30/17,129,D,3.530
4/30/17,129,C,4.250
4/30/17,129,A,7.438
4/30/17,130,B,9.080
4/30/17,130,E,13.700
4/30/17,130,A,15.388
4/30/17,130,C,16.580
4/30/17,130,D,19.332
4/25/17,131,A,6.682
4/25/17,131,B,8.054
4/25/17,132,C,1.284
4/25/17,132,B,4.948
4/25/17,132,D,6.106
4/25/17,132,A,9.332
4/25/17,133,E,2.042
4/25/17,133,B,2.320
4/25/17,133,A,2.516
4/25/17,133,D,2.888
4/25/17,133,C,4.508
4/25/17,134,A,0.682
4/25/17,134,B,0.790
4/25/17,135,C,2.996
4/25/17,135,D,3.000
4/25/17,135,B,4.026
4/25/17,135,A,10.994
4/25/17,136,D,3.418
4/25/17,136,A,4.586
4/25/17,136,C,5.238
4/25/17,136,B,7.590
4/25/17,137,E,2.024
4/25/17,137,B,2.618
4/25/17,137,A,6.934
4/25/17,137,D,7.104
4/25/17,137,C,7.286
4/25/17,138,C,5.980
4/25/17,138,E,14.064
4/25/17,138,D,14.754
4/25/17,138,A,18.050
4/25/17,138,B,20.358
4/25/17,139,C,2.194
4/25/17,139,B,2.482
4/25/17,139,A,9.078
4/25/17,140,B,3.176
4/25/17,140,D,12.566
4/25/17,140,C,13.820
4/25/17,140,A,14.310
4/25/17,141,A,12.680
4/25/17,141,C,17.006
4/25/17,141,B,30.576
4/25/17,142,A,0.520
4/25/17,142,C,3.250
4/25/17,142,D,10.152
4/25/17,142,B,16.348
4/25/17,142,E,19.886
4/25/17,143,D,15.546
4/25/17,143,B,19.434
4/25/17,143,C,21.660
4/25/17,143,A,30.726
4/25/17,144,A,0.618
4/25/17,144,C,2.474
4/25/17,144,B,3.600
4/25/17,144,D,4.332
4/25/17,145,C,2.700
4/25/17,145,D,4.020
4/25/17,145,A,6.032
4/25/17,145,B,6.520
4/25/17,145,E,25.586
5/12,146,D,2.748
5/12,146,E,5.494
5/12,146,C,8.068
5/12,146,B,8.214
5/12,146,A,10.996
5/12,147,A,6.872
5/12,147,B,14.246
5/12,147,D,16.196
5/12,147,C,18.048
5/12,148,D,14.264
5/12,148,A,16.720
5/12,148,B,17.894
5/12,148,E,20.300
5/12,148,C,32.278
5/12,149,C,5.060
5/12,149,B,7.284
5/12,149,A,7.570
5/12,149,D,12.766
5/12,150,C,0.554
5/12,150,B,4.894
5/12,150,D,6.202
5/12,150,A,9.116
5/12,151,A,3.308
5/12,151,C,3.842
5/12,151,B,9.500
5/12,151,E,9.822
5/12,151,D,16.052
5/12,152,A,3.374
5/12,152,D,3.998
5/12,152,B,6.694
5/12,152,E,8.996
5/12,152,C,10.554
5/12,153,D,4.492
5/12,153,C,8.340
5/12,153,A,20.714
5/12,153,B,21.554
5/12,153,E,21.866
5/12,154,C,5.890
5/12,154,B,6.142
5/12,154,A,7.026
5/12,154,D,7.068
5/12,155,B,2.528
5/12,155,A,18.926
5/12,155,C,19.240
5/12,156,A,6.200
5/12,156,B,6.294
5/12,156,C,8.386
5/6/17,157,C,7.602
5/6/17,157,A,8.384
5/6/17,157,B,9.632
5/6/17,158,A,3.638
5/6/17,158,B,4.214
5/6/17,159,A,2.424
5/6/17,159,C,7.878
5/6/17,159,B,8.840
5/6/17,159,E,9.846
5/6/17,159,D,10.344
5/6/17,160,A,1.280
5/6/17,160,D,1.590
5/6/17,160,C,3.552
5/6/17,160,B,6.802
5/6/17,161,C,6.872
5/6/17,161,B,8.850
5/6/17,161,D,11.814
5/6/17,161,E,11.93
5/6/17,161,A,35.968
5/6/17,162,C,1.262
5/6/17,162,A,1.512
5/6/17,162,B,2.956
5/6/17,163,E,3.258
5/6/17,163,D,3.754
5/6/17,163,A,5.08
5/6/17,163,C,7.398
5/6/17,163,B,9.456
5/6/17,164,D,0.262
5/6/17,164,B,5.44
5/6/17,164,A,14.424
5/6/17,164,E,14.892
5/6/17,164,C,32.566
5/6/17,165,E,8.054
5/6/17,165,D,9.626
5/6/17,165,C,9.734
5/6/17,165,B,11.128
5/6/17,165,A,11.652
5/6/17,166,D,3.798
5/6/17,166,C,8.606
5/6/17,166,B,9.174
5/6/17,166,A,21.836
5/6/17,167,E,4.986
5/6/17,167,A,7.356
5/6/17,167,B,15.292
5/6/17,167,D,19.736
5/6/17,167,C,31.424
5/2/17,168,B,0.980
5/6/17,168,A,1.028
5/6/17,168,B,2.338
5/2/17,168,A,2.360
5/2/17,169,B,0.614
5/2/17,169,C,1.444
5/2/17,169,D,2.470
5/2/17,169,A,5.462
5/2/17,170,A,3.378
5/2/17,170,C,4.288
5/2/17,170,B,6.722
5/2/17,171,A,7.548
5/2/17,171,C,8.550
5/2/17,171,B,31.896
5/2/17,172,A,4.03
5/2/17,172,C,4.228
5/2/17,172,B,4.99
5/2/17,173,E,3.048
5/2/17,173,D,3.23
5/2/17,173,C,4.35
5/2/17,173,A,5.512
5/2/17,173,B,6.858
5/2/17,174,A,1.852
5/2/17,174,E,2.284
5/2/17,174,C,2.76
5/2/17,174,D,3.044
5/2/17,174,B,3.93
5/2/17,175,A,3.938
5/2/17,175,B,5.826
5/2/17,175,D,6.964
5/2/17,175,C,8.852
5/2/17,176,C,1.17
5/2/17,176,A,1.204
5/2/17,176,B,3.37
5/2/17,176,D,3.56
5/2/17,177,C,6.016
5/2/17,177,A,8.896
5/2/17,177,B,11.238
5/2/17,177,D,14.056
5/2/17,178,D,4.202
5/2/17,178,C,5.322
5/2/17,178,B,5.99
5/2/17,178,A,8.942
5/2/17,179,B,5.3
5/2/17,179,C,5.726
5/2/17,179,D,9.346
5/2/17,179,A,9.428
5/2/17,180,E,10.288
5/2/17,180,D,11.554
5/2/17,180,C,16.892
5/2/17,180,B,33.41
5/2/17,180,A,39.86
5/2/17,181,A,1.64
5/2/17,181,B,3.896
5/2/17,182,B,0.028
5/2/17,182,C,0.408
5/2/17,182,A,1.9
5/12,183,B,1.12
5/12,183,C,8.674
5/12,183,A,9.402
5/12,183,D,11.678
5/12,184,A,3.7
5/12,184,D,6.566
5/12,184,B,6.886
5/12,184,E,8.818
5/12,184,C,9.54
5/12,185,D,0.196
5/12,185,B,0.754
5/12,185,A,2.234
5/12,185,C,2.35
5/12,186,A,1.298
5/12,186,D,1.656
5/12,186,C,1.802
5/12,186,B,2.286
5/12,186,E,2.504
5/12,187,A,0.28
5/12,187,B,4.518
5/12,188,B,0.148
5/12,188,A,3.568
5/12,189,A,3.24
5/12,189,D,3.38
5/12,189,C,7.126
5/12,189,B,7.652
5/12,190,C,3.678
5/12,190,A,7.054
5/12,190,B,8.538
5/12,191,C,4.934
5/12,191,A,5.578
5/12,191,D,8.042
5/12,191,B,8.684
5/12,192,A,4.112
5/12,192,E,4.908
5/12,192,B,5.216
5/12,192,C,5.484
5/12,192,D,5.968
5/12,193,C,7.246
5/12,193,B,7.706
5/12,193,A,9.092
5/12,193,D,15.248
5/12,194,D,7.964
5/12,194,A,10.112
5/12,194,B,10.542
5/12,194,C,14.096
5/12,195,C,19.434
5/12,195,D,19.514
5/12,195,B,26.322
5/12,195,E,34.796
5/12,195,A,35.918
5/12,196,D,11.094
5/12,196,C,17.162
5/12,196,A,39.428
5/12,196,B,59.422
5/12,197,C,0.808
5/12,197,A,6.048
5/12,197,B,7.306
5/12,198,A,1.186
5/12,198,E,2.376
5/12,198,D,3.214
5/12,198,B,4.446
5/12,198,C,6.594
5/12,199,A,13.056
5/12,199,D,14.700
5/12,199,C,22.106
5/12,199,E,27.340
5/12,199,B,32.376
5/12,200,A,0.450
5/12,200,C,1.038
5/12,200,B,1.744
5/12,200,D,4.620
5/12,201,C,4.610
5/12,201,B,9.826
5/12,201,D,11.354
5/12,201,A,13.096
5/12,202,A,12.280
5/12,202,C,13.014
5/12,202,D,16.774
5/12,202,B,21.682
5/12,203,A,2.152
5/12,203,B,2.500
5/12,203,C,4.756
5/12,204,B,3.694
5/12,204,A,8.568
5/12,205,A,1.860
5/12,205,C,2.626
5/12,205,B,6.594
5/12,205,D,12.402
5/12,206,A,1.382
5/12,206,B,6.58
5/12,207,A,3.022
5/12,207,C,3.628
5/12,207,B,5.344
5/12,207,D,9.598
5/12,208,D,7.44
5/12,208,A,8.008
5/12,208,B,11.418
5/12,208,C,13.954
5/3/17,209,B,0.304
5/3/17,209,A,0.362
5/3/17,209,D,0.388
5/3/17,209,C,0.782
5/3/17,210,D,1.036
5/3/17,210,A,1.334
5/3/17,210,C,2.528
5/3/17,210,B,4.528
5/3/17,211,B,0.700
5/3/17,211,A,1.338
5/3/17,212,B,0.454
5/3/17,212,A,0.776
5/3/17,212,C,2.644
5/3/17,213,A,2.850
5/3/17,213,B,4.100
5/3/17,213,C,4.448
5/3/17,214,D,2.774
5/3/17,214,C,3.592
5/3/17,214,B,4.708
5/3/17,214,A,7.014
5/3/17,215,A,2.556
5/3/17,215,C,3.806
5/3/17,215,D,5.410
5/3/17,215,B,8.036
5/3/17,216,B,2.254
5/3/17,216,A,5.306
5/3/17,216,D,5.642
5/3/17,216,C,9.006
5/3/17,217,D,3.338
5/3/17,217,B,3.758
5/3/17,217,C,3.826
5/3/17,217,A,3.904
5/3/17,218,C,1.508
5/3/17,218,D,4.686
5/3/17,218,E,6.740
5/3/17,218,B,9.888
5/3/17,218,A,10.566
5/3/17,219,B,2.802
5/3/17,219,A,7.584
5/3/17,220,C,3.592
5/3/17,220,A,4.564
5/3/17,220,D,6.240
5/3/17,220,B,6.662
5/3/17,221,A,3.060
5/3/17,221,B,3.860
5/3/17,222,A,NA
5/3/17,223,A,0.672
5/3/17,223,D,1.518
5/3/17,223,B,1.654
5/3/17,223,C,4.518
5/3/17,224,C,3.088
5/3/17,224,B,5.006
5/3/17,224,A,6.898
5/3/17,225,A,0.362
5/3/17,225,C,0.732
5/3/17,225,B,0.904
5/3/17,225,E,3.188
5/3/17,225,D,3.852
5/12,226,B,2.280
5/12,226,C,4.190
5/12,226,A,5.564
5/12,227,B,1.228
5/12,227,D,1.950
5/12,227,C,2.788
5/12,227,A,3.996
5/12,228,A,2.458
5/12,228,C,2.756
5/12,228,B,5.264
5/12,229,A,0.074
5/12,229,C,0.542
5/12,229,E,4.856
5/12,229,D,5.408
5/12,229,B,7.396
5/12,230,A,7.262
5/12,231,A,2.492
5/12,231,D,2.994
5/12,231,C,7.768
5/12,231,B,9.250
5/12,232,C,1.866
5/12,232,B,3.560
5/12,232,A,6.110
5/12,232,D,7.028
5/12,233,C,1.838
5/12,233,B,2.868
5/12,233,A,6.490
5/12,234,B,1.242
5/12,234,A,1.862
5/2/17,235,B,1.450
5/2/17,235,C,6.880
5/2/17,235,A,8.172
5/2/17,236,D,0.394
5/2/17,236,B,1.948
5/2/17,236,C,3.696
5/2/17,236,A,6.154
5/2/17,237,D,3.968
5/2/17,237,B,7.360
5/2/17,237,C,7.690
5/2/17,237,E,7.894
5/2/17,237,A,11.638
5/2/17,238,D,3.064
5/2/17,238,A,5.840
5/2/17,238,B,5.946
5/2/17,238,C,6.808
5/3/17,239,D,3.84
5/3/17,239,C,5.904
5/3/17,239,A,6.286
5/3/17,239,E,9.96
5/3/17,239,B,12.666
5/3/17,240,E,1.418
5/3/17,240,D,4.294
5/3/17,240,A,5.012
5/3/17,240,C,8.612
5/3/17,240,B,11.922
5/3/17,241,B,4.228
5/3/17,241,A,8.426
5/3/17,241,C,12.914
5/3/17,242,A,1.246
5/3/17,242,B,30.922
5/3/17,242,C,56.068
5/3/17,243,B,5.874
5/3/17,243,E,7.958
5/3/17,243,A,9.028
5/3/17,243,C,17.288
5/3/17,243,D,17.418
5/3/17,244,A,7.060
5/3/17,244,B,7.226
5/8pm,245,E,5.984
5/8pm,245,C,8.656
5/8pm,245,D,14.344
5/8pm,245,B,19.682
5/8pm,245,A,20.730
5/8pm,246,C,5.244
5/8pm,246,B,5.826
5/8pm,246,D,6.592
5/8pm,246,A,8.418
5/8pm,247,E,1.570
5/8pm,247,D,4.026
5/8pm,247,B,4.274
5/8pm,247,A,4.548
5/8pm,247,C,5.300
5/8pm,248,B,12.428
5/8pm,248,A,15.072
5/8pm,249,A,5.682
5/8pm,249,E,20.460
5/8pm,249,D,38.250
5/8pm,249,C,40.556
5/8pm,249,B,41.748
5/8pm,250,B,3.620
5/8pm,250,A,11.564
5/8pm,251,A,6.280
5/8pm,251,B,8.350
5/8pm,251,C,9.672
5/8pm,251,E,13.656
5/8pm,251,D,14.354
5/8pm,252,C,0.476
5/8pm,252,D,0.872
5/8pm,252,E,1.124
5/8pm,252,A,4.262
5/8pm,252,B,10.406
5/8pm,253,B,21.646
5/8pm,253,C,27.136
5/8pm,253,D,28.140
5/8pm,253,A,32.152
5/8pm,254,C,1.832
5/8pm,254,A,2.528
5/8pm,254,B,3.028
5/8pm,255,E,1.052
5/8pm,255,C,4.944
5/8pm,255,D,5.214
5/8pm,255,A,6.204
5/8pm,255,B,13.376
5/8pm,256,A,2.372
5/8pm,256,C,7.270
5/8pm,256,D,7.886
5/8pm,256,B,8.222
5/8pm,257,B,9.754
5/8pm,257,A,9.828
5/8pm,257,C,11.180
5/8pm,257,D,16.986
5/8pm,258,E,17.090
5/8pm,258,D,19.008
5/8pm,258,C,26.866
5/8pm,258,B,27.432
5/8pm,258,A,35.662
5/8pm,259,D,0.494
5/8pm,259,B,1.992
5/8pm,259,A,4.126
5/8pm,259,C,7.282
5/12,260,B,0.790
5/12,260,C,8.614
5/12,260,D,8.738
5/12,260,A,10.372
5/12,287,D,1.638
5/12,287,B,2.964
5/12,287,A,5.170
5/12,287,C,7.560
5/12,287,E,8.204
5/12,288,C,1.764
5/12,288,A,3.238
5/12,288,B,5.526
5/12,288,D,5.846
5/12,288,E,7.830
5/12,289,C,3.016
5/12,289,A,3.102
5/12,289,D,4.298
5/12,289,B,4.924
5/12,290,B,0.544
5/12,290,D,1.026
5/12,290,A,1.174
5/12,290,C,1.214
5/12,291,A,1.900
5/12,291,C,2.686
5/12,291,D,4.462
5/12,291,B,4.744
5/12,292,A,3.398
5/12,292,E,6.218
5/12,292,D,7.092
5/12,292,C,7.944
5/12,292,B,12.064
5/12,293,C,7.804
5/12,293,E,8.076
5/12,293,D,10.252
5/12,293,B,10.274
5/12,293,A,15.650
5/4/17,294,C,2.200
5/4/17,294,D,2.364
5/4/17,294,E,7.364
5/4/17,294,A,9.506
5/4/17,294,B,11.956
5/4/17,295,C,2.832
5/4/17,295,A,3.488
5/4/17,295,B,4.510
5/4/17,295,E,5.004
5/4/17,295,D,6.630
5/4/17,296,E,5.800
5/4/17,296,B,8.972
5/4/17,296,D,22.978
5/4/17,296,C,26.500
5/4/17,296,A,33.018
5/4/17,297,B,17.296
5/4/17,297,A,22.984
5/4/17,297,D,37.900
5/4/17,297,C,39.212
5/4/17,298,B,17.668
5/4/17,298,C,18.016
5/4/17,298,A,19.786
5/4/17,298,D,23.584
5/4/17,298,E,42.740
5/4/17,299,D,0.506
5/4/17,299,C,3.574
5/4/17,299,A,5.144
5/4/17,299,B,5.448
5/4/17,299,E,6.418
5/4/17,300,A,0.944
5/4/17,300,B,2.536
5/4/17,300,C,5.104
5/4/17,301,B,1.452
5/4/17,301,D,1.760
5/4/17,301,A,2.120
5/4/17,301,C,4.674
5/4/17,302,B,8.490
5/4/17,302,D,9.046
5/4/17,302,A,10.858
5/4/17,302,C,13.522
5/4/17,303,A,2.066
5/4/17,303,B,3.184
5/4/17,303,C,5.608
4/4/17,304,B,4.912
4/4/17,304,C,15.736
4/4/17,304,A,16.804
4/4/17,304,D,23.556
4/4/17,304,E,24.492
4/4/17,305,B,2.488
4/4/17,305,D,6.776
4/4/17,305,C,7.500
4/4/17,305,A,8.118
4/4/17,306,A,7.634
4/4/17,306,C,8.918
4/4/17,306,B,12.166
4/4/17,307,C,1.320
4/4/17,307,B,2.246
4/4/17,307,A,2.270
4/4/17,307,E,5.060
4/4/17,307,D,5.864
4/4/17,308,C,1.374
4/4/17,308,A,3.404
4/4/17,308,B,4.264
4/4/17,309,E,3.198
4/4/17,309,C,6.284
4/4/17,309,D,9.814
4/4/17,309,B,10.158
4/4/17,309,A,10.800
4/4/17,310,D,0.814
4/4/17,310,B,0.884
4/4/17,310,A,1.546
4/4/17,310,C,2.386
5/12,311,E,6.998
5/12,311,B,7.538
5/12,311,D,9.204
5/12,311,A,9.602
5/12,311,C,15.446
5/12,312,D,1.278
5/12,312,C,3.684
5/12,312,B,4.970
5/12,312,A,6.878
4/30/17,339,D,3.414
4/30/17,339,B,5.016
4/30/17,339,A,9.234
4/30/17,339,C,9.698
4/30/17,340,D,2.370
4/30/17,340,C,2.718
4/30/17,340,E,3.964
4/30/17,340,A,5.136
4/30/17,340,B,5.490
4/30/17,341,A,0.334
4/30/17,341,C,1.200
4/30/17,341,B,1.746
4/30/17,342,A,1.000
4/30/17,342,C,1.500
4/30/17,342,B,2.588
4/30/17,343,D,0.240
4/30/17,343,C,2.176
4/30/17,343,A,2.652
4/30/17,343,B,2.754
4/30/17,344,C,0.906
4/30/17,344,A,1.090
4/30/17,344,D,1.270
4/30/17,344,B,1.626
4/30/17,345,B,0.276
4/30/17,345,C,0.724
4/30/17,345,A,0.820
4/30/17,345,D,1.114
4/30/17,346,D,2.062
4/30/17,346,A,2.716
4/30/17,346,C,4.542
4/30/17,346,B,5.966
5/3/17,347,D,0.654
5/3/17,347,A,0.746
5/3/17,347,B,1.380
5/3/17,347,C,2.754
5/3/17,348,B,0.592
5/3/17,348,C,1.908
5/3/17,348,A,3.552
5/3/17,348,D,4.078
5/8pm,349,A,2.578
5/3/17,349,B,4.402
5/3/17,349,C,5.190
5/3/17,349,A,5.700
5/3/17,350,A,3.984
5/3/17,350,C,5.616
5/3/17,350,D,6.008
5/3/17,350,B,6.074
5/3/17,350,E,6.140
5/3/17,351,C,2.192
5/3/17,351,A,2.658
5/3/17,351,B,3.640
5/3/17,351,D,6.826
5/3/17,352,C,2.182
5/3/17,352,D,3.574
5/3/17,352,B,5.814
5/3/17,352,A,7.396
5/3/17,353,A,1.814
5/3/17,353,E,2.584
5/3/17,353,C,3.728
5/3/17,353,D,6.202
5/3/17,353,B,7.436
5/3/17,354,D,0.220
5/3/17,354,C,0.496
5/3/17,354,B,0.572
5/3/17,354,A,0.960
5/3/17,355,D,1.610
5/3/17,355,A,8.564
5/3/17,355,C,8.672
5/3/17,355,B,9.010
5/3/17,356,A,1.036
5/3/17,356,D,2.578
5/3/17,356,E,6.046
5/3/17,356,C,6.434
5/3/17,356,B,3.506
5/3/17,357,B,1.830
5/3/17,357,C,7.282
5/3/17,357,A,8.560
5/3/17,357,D,8.646
5/3/17,358,E,2.642
5/3/17,358,B,3.146
5/3/17,358,C,6.758
5/3/17,358,D,6.992
5/3/17,358,A,7.196
5/3/17,359,A,0.728
5/3/17,359,D,1.148
5/3/17,359,E,1.262
5/3/17,359,C,1.904
5/3/17,359,B,2.462
5/3/17,360,B,0.546
5/3/17,360,E,2.394
5/3/17,360,A,3.352
5/3/17,360,D,4.21
5/3/17,360,C,5.106
5/3/17,361,C,3.928
5/3/17,361,B,6.48
5/3/17,361,D,9.174
5/3/17,361,A,11.104
5/3/17,362,C,2.03
5/3/17,362,D,2.782
5/3/17,362,A,3.282
5/3/17,362,B,10.214
4/25/17,363,D,1.074
4/25/17,363,B,1.130
4/25/17,363,C,1.792
4/25/17,363,A,2.582
4/25/17,363,E,3.664
4/25/17,364,E,6.752
4/25/17,364,D,6.950
4/25/17,364,C,8.840
4/25/17,364,B,9.472
4/25/17,364,A,9.902
5/11,391,A,6.586
5/11,392,A,0.038
5/11,393,B,0.840
5/11,393,A,1.616
5/11,393,C,2.600
5/11,394,B,0.306
5/11,394,A,1.590
5/11,395,A,0.380
5/11,395,B,0.468
5/11,396,A,0.086
5/11,396,B,0.090
5/11,396,C,1.004
5/11,397,A,1.956
5/11,397,C,2.816
5/11,397,B,4.130
5/11,398,B,0.590
5/11,398,A,1.146
5/11,399,B,0.628
5/11,399,C,1.396
5/11,399,A,1.538
5/11,400,A,0.878
5/11,400,C,4.632
5/11,400,B,4.712
5/11,401,A,2.766
5/11,401,B,4.720
5/11,402,C,2.540
5/11,402,B,3.210
5/11,402,A,4.186
5/11,403,B,0.650
5/11,403,A,0.870
5/11,405,A,0.014
5/11,405,B,1.272
5/11,406,A,0.456
5/11,406,B,0.458
5/11,406,C,0.766
5/11,408,A,0.522
5/11,408,B,3.126
5/11,409,B,0.110
5/11,409,A,0.714
5/11,409,C,0.804
5/11,410,A,0.198
5/11,411,B,0.552
5/11,411,A,3.160
5/11,412,B,0.652
5/11,412,C,5.024
5/11,412,A,7.524
5/11,413,C,3.406
5/11,413,B,4.192
5/11,413,A,4.876
5/11,414,A,1.834
5/11,414,B,3.408
5/11,416,A,0.108
5/11,416,B,0.468
5/11,417,B,0.596
5/11,417,A,1.494
5/11,418,A,0.178
5/11,419,A,0.032
5/11,419,B,0.282
5/11,419,C,0.286
5/11,420,A,0.162
5/11,422,A,1.276
5/11,422,B,3.986
5/11,428,B,2.228
5/11,428,A,2.77
5/11,428,C,3.488
5/11,430,B,0.168
5/11,430,A,0.502
5/11,430,C,3.882
5/11,431,B,2.698
5/11,431,A,5.294
5/11,432,A,1.946
5/11,432,B,8.05
5/11,433,B,4.526
5/11,433,A,6.076
5/11,434,B,0.104
5/11,434,A,0.198
5/11,435,B,7.616
5/11,435,C,13.178
5/11,435,A,15.802
5/11,436,B,0.862
5/11,436,A,0.954
5/11,439,B,5.906
5/11,439,C,17.624
5/11,439,A,24.294
5/11,440,B,1.2
5/11,440,A,5.068
5/11,440,C,8.086
5/11,441,C,0.024
5/11,441,B,0.254
5/11,441,A,0.55
5/11,442,A,4.702
5/11,442,B,7.722
5/11,442,C,19.69
5/11,443,A,0.190
5/11,443,B,0.238
5/11,443,C,0.260
5/11,444,A,0.828
5/11,446,B,0.032
5/11,446,A,0.840
5/11,448,B,3.004
5/11,448,A,10.788
5/11,450,B,6.558
5/11,450,A,10.070
5/11,450,C,25.088
5/11,451,C,0.974
5/11,451,B,2.536
5/11,451,A,4.476
5/11,452,A,0.142
5/11,453,C,2.710
5/11,453,A,4.132
5/11,453,B,8.112
5/11,454,A,0.040
5/11,455,A,0.374
5/11,455,C,0.790
5/11,455,B,1.692
5/11,456,A,5.438
5/11,456,B,8.098
5/11,457,C,2.452
5/11,457,A,3.394
5/11,457,B,9.384
5/11,458,B,0.494
5/11,458,C,3.910
5/11,458,A,4.880
5/12,459,B,2.684
5/12,459,A,5.280
5/12,460,B,0.100
5/12,460,A,0.192
5/12,461,A,2.648
5/12,461,B,3.282
5/12,462,C,10.32
5/12,462,A,10.516
5/12,462,B,10.984
5/6/17,463,A,3.646
5/6/17,463,B,5.246
5/6/17,463,C,7.072
5/12,464,A,3.536
5/12,464,B,5.664
5/12,464,C,7.85
5/12,465,A,0.116
5/11,466,A,0.584
5/11,467,A,0.140
5/11,467,B,0.234
5/11,469,A,0.108
5/11,469,B,0.392
5/11,470,B,0.622
5/11,470,A,1.006
5/11,472,B,0.710
5/11,472,A,1.670
5/11,473,A,6.862
5/11,473,B,9.898
5/11,474,A,2.514
5/11,475,A,2.216
5/11,476,A,0.840
5/11,476,B,1.912
5/11,477,A,0.562
5/11,477,B,1.394
5/11,478,A,0.158
5/11,480,B,0.686
5/11,480,A,0.872
5/11,481,A,0.188
5/11,483,C,0.056
5/11,483,B,1.526
5/11,483,A,2.176
5/11,484,C,1.764
5/11,484,B,1.856
5/11,484,A,1.970
5/11,485,A,0.442
5/11,485,B,0.546
5/11,486,A,0.632
5/11,486,B,3.332
5/11,487,B,3.484
5/11,487,A,6.706
5/11,487,C,7.606
5/11,488,A,0.834
5/11,488,B,1.908
5/11,489,A,2.830
5/11,491,A,0.120
5/9/2017,492,B,0.512
5/9/2017,492,A,0.708
5/9/2017,493,B,0.434
5/9/2017,493,A,0.702
5/9/2017,494,A,0.076
5/9/2017,495,A,0.084
5/9/2017,497,C,0.76
5/9/2017,497,B,1.906
5/9/2017,497,A,4.792
5/9/2017,500,A,0.194
5/9,501,C,0.372
5/9/2017,501,A,0.38
5/9,501,B,0.700
5/11,502,A,0.044
5/11,503,A,0.54
5/11,503,B,0.874
5/11,503,C,1.332
5/11,504,A,0.228
5/11,505,A,0.682
5/11,505,B,2.292
5/11,505,C,2.986
5/11,506,C,2.726
5/11,506,A,2.972
5/11,506,B,3.33
5/11,508,A,0.502
5/11,508,B,1.672
5/11,509,A,0.276
5/11,509,B,0.596
5/11,510,A,1.064
5/11,510,B,1.774
5/11,511,A,0.516
5/11,512,A,0.194
5/11,514,A,0.556
5/11,514,B,3.622
5/11,514,C,5.360
5/11,515,A,0.026
5/11,515,B,0.072
5/11,515,C,0.110
5/11,516,A,0.490
5/11,517,B,0.590
5/11,517,A,6.332
5/9,518,A,1.000
5/9,518,B,2.502
5/9,519,B,0.894
5/9,519,C,2.994
5/9,519,A,5.284
5/9,521,A,0.042
5/9,523,B,0.382
5/9,523,A,1.606
5/9,523,C,3.158
5/9,524,A,0.048
5/9,525,C,0.550
5/9,525,B,0.900
5/9,525,A,7.106
5/9,526,C,0.274
5/9,526,A,0.486
5/9,526,B,1.864
5/9,527,A,0.530
5/9,528,A,1.508
5/9,528,B,2.096
5/9,528,C,6.878
5/9,530,A,1.054
5/9,530,C,1.392
5/9,530,B,3.062
5/9,531,A,4.374
5/9,531,C,6.040
5/9,531,B,9.390
5/9,532,A,1.114
5/9,532,B,1.538
5/9,533,C,0.710
5/9,533,B,0.780
5/9,533,A,8.068
5/9,534,B,0.588
5/9,534,C,0.656
5/9,534,A,1.392
5/9,536,A,1.460
5/9,536,B,1.778
5/9,536,C,2.472
5/9,537,C,2.622
5/9,537,A,4.302
5/9,537,B,9.120
5/9,538,A,0.204
5/9,538,B,1.492
5/9,538,C,1.500
5/9,539,B,2.726
5/9,539,A,5.372
5/9,539,C,7.430
5/9,540,A,0.084
5/11,541,A,1.022
5/11,541,B,1.652
5/11,542,A,0.026
5/11,542,B,0.242
5/11,543,B,0.016
5/11,543,A,0.384
5/11,544,A,0.508
5/11,544,B,0.596
5/11,544,C,1.024
5/11,545,A,0.036
5/11,545,B,0.280
5/11,546,B,0.508
5/11,546,A,1.116
5/11,547,A,2.148
5/11,548,A,0.600
5/11,548,C,1.076
5/11,548,B,2.444
5/11,549,C,0.564
5/11,549,A,1.132
5/11,549,B,1.518
5/11,550,A,0.772
5/11,551,B,0.364
5/11,551,A,0.688
5/11,551,C,1.066
5/11,552,B,0.254
5/11,552,C,0.376
5/11,552,A,0.580
5/11,556,A,0.022
5/11,557,A,0.168
5/11,558,A,1.386
5/11,559,A,1.018
5/9,560,A,0.028
5/9,560,B,0.028
5/9,561,B,1.580
5/9,561,A,1.644
5/9,562,A,0.814
5/9,562,B,1.390
5/9,563,B,1.634
5/9,563,A,3.248
5/9,564,B,0.268
5/9,564,A,1.362
5/9,564,C,4.606
5/9,566,A,0.468
5/11,567,B,1.056
5/11,567,A,10.08
5/11,568,A,2.36
5/11,568,B,2.48
5/11,568,C,3.136
5/11,570,A,0.098
5/11,570,B,0.162
5/11,574,A,0.334
5/11,574,B,0.76
5/11,575,C,0.022
5/11,575,B,0.112
5/11,575,A,0.43
5/11,576,A,7.652
5/11,577,A,0.086
5/11,577,B,0.282
5/11,578,A,0.936
5/11,578,B,2.21
5/11,578,C,6.134
5/11,580,B,2.994
5/11,580,A,4.784
5/11,580,C,5.366
5/11,581,C,0.272
5/11,581,A,3.03
5/11,581,B,3.124
5/11,582,A,1.858
5/11,582,B,3.722
5/11,583,A,4.098
5/11,585,A,1.418
5/11,586,C,1.566
5/11,586,B,1.672
5/11,586,A,1.896
5/11,587,A,0.012
5/11,587,C,0.06
5/11,587,B,0.068
5/11,590,A,0.22
5/11,591,A,0.114
5/11,592,B,2.142
5/11,592,A,3.166
5/11,592,C,8.776
5/11,593,A,3.854
5/11,593,B,4.160
5/11,596,C,0.008
5/11,596,B,0.050
5/11,596,A,0.642
5/11,598,A,9.268
5/11,600,C,8.158
5/11,600,B,8.210
5/11,600,A,11.952
5/11,601,C,2.276
5/11,601,B,3.436
5/11,601,A,4.640
5/11,604,A,0.832
5/4/17,605,B,2.442
5/4/17,605,C,3.264
5/4/17,605,A,3.552
5/4/17,606,A,1.470
5/4/17,606,C,2.048
5/4/17,606,B,2.652
5/4/17,607,B,0.414
5/4/17,607,A,2.858
5/4/17,608,B,3.034
5/4/17,608,A,3.384
5/4/17,608,C,3.824
5/4/17,609,B,0.182
5/4/17,609,A,3.680
5/4/17,609,C,5.090
5/4/17,610,A,0.078
5/4/17,611,C,3.918
5/4/17,611,A,4.076
5/4/17,611,B,4.348
5/4/17,612,B,1.346
5/4/17,612,A,1.376
5/4/17,613,B,0.324
5/4/17,613,C,0.510
5/4/17,613,A,2.498
5/4/17,614,A,0.660
5/4/17,615,A,0.940
5/4/17,615,B,1.230
5/4/17,615,C,2.452